gbifID,abstract,accessRigh,identifier,language,license,modified,references,rightsHold,type,institutio,collection,datasetID,institut_1,collecti_1,datasetNam,ownerInsti,basisOfRec,informatio,dynamicPro,occurrence,catalogNum,recordNumb,recordedBy,individual,sex,lifeStage,reproducti,behavior,establishm,occurren_1,preparatio,dispositio,associated,associat_1,associat_2,otherCatal,occurren_2,organismID,organismNa,organismSc,associat_3,associat_4,previousId,organismRe,materialSa,eventID,parentEven,fieldNumbe,eventDate,eventTime,startDayOf,endDayOfYe,year,month,day,verbatimEv,habitat,samplingPr,eventRemar,locationID,higherGeog,higherGe_1,continent,waterBody,countryCod,stateProvi,county,municipali,locality,verbatimLo,verbatimEl,verbatimDe,minimumDis,maximumDis,locationAc,locationRe,decimalLat,decimalLon,coordinate,verbatimCo,verbatimSR,georeferen,georefer_1,georefer_2,georefer_3,georefer_4,identifica,identifi_1,typeStatus,identified,dateIdenti,identifi_2,identifi_3,identifi_4,taxonID,scientific,scientif_1,accepted_1,parentNa_1,original_1,nameAcco_1,namePubl_1,namePubl_2,higherClas,kingdom,phylum,class,order,family,genus,specificEp,infraspeci,taxonRank,vernacular,nomenclatu,taxonomicS,nomencla_1,taxonRemar,datasetKey,publishing,lastInterp,elevation,elevationA,depth,depthAccur,issue,mediaType,hasCoordin,hasGeospat,taxonKey,acceptedTa,kingdomKey,phylumKey,classKey,orderKey,familyKey,genusKey,subgenusKe,speciesKey,species,genericNam,acceptedSc,verbatimSc,typifiedNa,protocol,lastParsed,lastCrawle,repatriate,level0Gid,level0Name,level1Gid,level1Name,level2Gid,level2Name
2577397002,,http://vertnet.org/resources/norms.html,http://arctos.database.museum/guid/MVZ:Mamm:233087?seid=3509505,en,CC0_1_0,25:18.1,http://arctos.database.museum/guid/MVZ:Mamm:233087,,PhysicalObject,MVZ,28,,MVZ,Mammal specimens,,,PRESERVED_SPECIMEN,,sex=female;total length=116 mm;tail length=31 mm;hind foot with claw=18 mm;ear from notch=14 mm;weight=19.5 g,http://arctos.database.museum/guid/MVZ:Mamm:233087?seid=3509505,MVZ:Mamm:233087,505,Collector(s): Dana Lin,1,FEMALE,,,,,PRESENT,"skin; skull; tissue (frozen); tissue (frozen); gastrointestinal tract (70% ethanol); reproductive tract (formalin-fixed, 70% ethanol); skeleton",,,,,collector number=505,,http://arctos.database.museum/guid/MVZ:Mamm:233087,,,,,"[{""scientific_name"":""Microtus californicus sanctidiegi"",""nature_of_id"":""features"",""accepted_id_fg"":1,""made_date"":""2016-03-25"",""short_citation"":null,""publication_id"":null,""identification_remarks"":""Former nature_of_id: expert."",""idby"":""Dana Lin"",""concept_l",,,,,,00:00.0,3/25/16,,85,2016,3,25,25-Mar-16,,,Former verification status: checked by collector.,,,"North America, United States, California, Santa Barbara County",NORTH_AMERICA,,US,California,Santa Barbara County,,"Coal Oil Point Reserve, UC Santa Barbara","Coal Oil Point Natural Reserve, Santa Barbara Co., CA 34.414267, -119.878314",,,,,Dana Lin,,34.414267,-119.878314,50,decimal degrees,,Dana Lin,3/25/16 0:00,not recorded,GPS,accepted,,A,,Dana Lin,00:00.0,,features,Former nature_of_id: expert.,,,"Microtus californicus sanctidiegi Kellogg, 1918",,,,,,,"Animalia, Chordata, Mammalia, Rodentia, Myomorpha, Cricetidae, Arvicolinae, Microtus, Microtus californicus,",Animalia,Chordata,Mammalia,Rodentia,Cricetidae,Microtus,californicus,sanctidiegi,SUBSPECIES,,ICZN,SYNONYM,,,0daed095-478a-4af6-abf5-18acb790fbb2,US,49:36.4,,,,,OCCURRENCE_STATUS_INFERRED_FROM_INDIVIDUAL_COUNT;INSTITUTION_MATCH_FUZZY;INSTITUTION_COLLECTION_MISMATCH,,TRUE,FALSE,8954817,2438603,1,44,359,1459,3240723,2438591,,2438603,Microtus californicus,Microtus,"Microtus californicus (Peale, 1848)",Microtus californicus sanctidiegi,,DWC_ARCHIVE,49:36.4,45:22.3,FALSE,USA,United States,USA.5_1,California,USA.5.42_1,Santa Barbara
2577389939,,http://vertnet.org/resources/norms.html,http://arctos.database.museum/guid/MVZ:Mamm:233088?seid=3509506,en,CC0_1_0,25:18.1,http://arctos.database.museum/guid/MVZ:Mamm:233088,,PhysicalObject,MVZ,28,,MVZ,Mammal specimens,,,PRESERVED_SPECIMEN,,sex=male;total length=172 mm;tail length=49 mm;hind foot with claw=21 mm;ear from notch=20 mm;weight=49.5 g,http://arctos.database.museum/guid/MVZ:Mamm:233088?seid=3509506,MVZ:Mamm:233088,506,Collector(s): Dana Lin,1,MALE,,,,,PRESENT,"skin; skull; tissue (frozen); tissue (frozen); tissue (frozen); phallus (formalin-fixed, 70% ethanol); skeleton; gastrointestinal tract (70% ethanol)",,,,,collector number=506,,http://arctos.database.museum/guid/MVZ:Mamm:233088,,,,,"[{""scientific_name"":""Microtus californicus sanctidiegi"",""nature_of_id"":""features"",""accepted_id_fg"":1,""made_date"":""2016-03-25"",""short_citation"":null,""publication_id"":null,""identification_remarks"":""Former nature_of_id: expert."",""idby"":""Dana Lin"",""concept_l",,,,,,00:00.0,3/25/16,,85,2016,3,25,25-Mar-16,,,Former verification status: checked by collector.,,,"North America, United States, California, Santa Barbara County",NORTH_AMERICA,,US,California,Santa Barbara County,,"Coal Oil Point Reserve, UC Santa Barbara","Coal Oil Point Natural Reserve, Santa Barbara Co., CA 34.414267, -119.878314",,,,,Dana Lin,,34.414267,-119.878314,50,decimal degrees,,Dana Lin,3/25/16 0:00,not recorded,GPS,accepted,,A,,Dana Lin,00:00.0,,features,Former nature_of_id: expert.,,,"Microtus californicus sanctidiegi Kellogg, 1918",,,,,,,"Animalia, Chordata, Mammalia, Rodentia, Myomorpha, Cricetidae, Arvicolinae, Microtus, Microtus californicus,",Animalia,Chordata,Mammalia,Rodentia,Cricetidae,Microtus,californicus,sanctidiegi,SUBSPECIES,,ICZN,SYNONYM,,,0daed095-478a-4af6-abf5-18acb790fbb2,US,49:45.5,,,,,OCCURRENCE_STATUS_INFERRED_FROM_INDIVIDUAL_COUNT;INSTITUTION_MATCH_FUZZY;INSTITUTION_COLLECTION_MISMATCH,,TRUE,FALSE,8954817,2438603,1,44,359,1459,3240723,2438591,,2438603,Microtus californicus,Microtus,"Microtus californicus (Peale, 1848)",Microtus californicus sanctidiegi,,DWC_ARCHIVE,49:45.5,45:22.3,FALSE,USA,United States,USA.5_1,California,USA.5.42_1,Santa Barbara
2577389938,,http://vertnet.org/resources/norms.html,http://arctos.database.museum/guid/MVZ:Mamm:233089?seid=3509507,en,CC0_1_0,26:03.0,http://arctos.database.museum/guid/MVZ:Mamm:233089,,PhysicalObject,MVZ,28,,MVZ,Mammal specimens,,,PRESERVED_SPECIMEN,,sex=female;total length=113 mm;tail length=35 mm;hind foot with claw=18 mm;ear from notch=12 mm;weight=21.25 g,http://arctos.database.museum/guid/MVZ:Mamm:233089?seid=3509507,MVZ:Mamm:233089,507,Collector(s): Dana Lin,1,FEMALE,,,,,PRESENT,"skin; skull; tissue (frozen); tissue (frozen); gastrointestinal tract (70% ethanol); reproductive tract (formalin-fixed, 70% ethanol); skeleton",,,,,collector number=507,,http://arctos.database.museum/guid/MVZ:Mamm:233089,,,,,"[{""scientific_name"":""Microtus californicus sanctidiegi"",""nature_of_id"":""features"",""accepted_id_fg"":1,""made_date"":""2016-03-26"",""short_citation"":null,""publication_id"":null,""identification_remarks"":""Former nature_of_id: expert."",""idby"":""Dana Lin"",""concept_l",,,,,,00:00.0,3/26/16,,86,2016,3,26,26-Mar-16,,,Former verification status: checked by collector.,,,"North America, United States, California, Santa Barbara County",NORTH_AMERICA,,US,California,Santa Barbara County,,"Coal Oil Point Reserve, UC Santa Barbara","Coal Oil Point Natural Reserve, Santa Barbara Co., CA 34.415497, -119.880707",,,,,Dana Lin,,34.415497,-119.880707,50,decimal degrees,,Dana Lin,3/26/16 0:00,not recorded,GPS,accepted,,A,,Dana Lin,00:00.0,,features,Former nature_of_id: expert.,,,"Microtus californicus sanctidiegi Kellogg, 1918",,,,,,,"Animalia, Chordata, Mammalia, Rodentia, Myomorpha, Cricetidae, Arvicolinae, Microtus, Microtus californicus,",Animalia,Chordata,Mammalia,Rodentia,Cricetidae,Microtus,californicus,sanctidiegi,SUBSPECIES,,ICZN,SYNONYM,,,0daed095-478a-4af6-abf5-18acb790fbb2,US,49:47.1,,,,,OCCURRENCE_STATUS_INFERRED_FROM_INDIVIDUAL_COUNT;INSTITUTION_MATCH_FUZZY;INSTITUTION_COLLECTION_MISMATCH,,TRUE,FALSE,8954817,2438603,1,44,359,1459,3240723,2438591,,2438603,Microtus californicus,Microtus,"Microtus californicus (Peale, 1848)",Microtus californicus sanctidiegi,,DWC_ARCHIVE,49:47.1,45:22.3,FALSE,USA,United States,USA.5_1,California,USA.5.42_1,Santa Barbara
1897611967,,,urn:catalog:SBMNH:SBMNH:2719:70470e40ab2fd19e1b0be056464f5504,es,CC_BY_4_0,00:00.0,,Comisi‚àö‚â•n Nacional para el Conocimiento y Uso de la Biodiversidad (CONABIO),Event,1127,4848,70470e40ab2fd19e1b0be056464f5504,SBMNH,SBMNH,"Modelado de la distribuci‚àö‚â•n potencial de las musara‚àö¬±as (Mammalia, Soricidae)",Santa Barbara Museum of Natural History,PRESERVED_SPECIMEN,,Modelo Distribuci‚àö‚â•n: 1,urn:catalog:SBMNH:SBMNH:2719:70470e40ab2fd19e1b0be056464f5504,2719,,NO DISPONIBLE,1,,,,,,PRESENT,,,,,,,,,,,,,,,,,,,00:00.0,,278,,1987,10,5,,,,,1644,,,,,US,California,NO DISPONIBLE,,Isla Vista; Devereux Rd. 1/4 Mi W Junction Of Storke Rd. And El Colegio Rd.,,,,,,,,34.415833,-119.87334,,grados minutos segundos,,,,,,,4785,,,NO DISPONIBLE,,,,,80ec160beba54fc6e0cfa43a1033ea5a,52,Sorex ornatus ornatus,Sorex ornatus subsp. ornatus,Sorex,,"Ram‚àö‚â†rez-Pulido, Gonz‚àö¬∞lez-Ruiz, Gardner & Arroyo-Cabrales, 2014",,1895,Animalia; Chordata; Mammalia; Soricomorpha; Soricidae; Sorex; ornatus,Animalia,Chordata,Mammalia,Soricomorpha,Soricidae,Sorex,ornatus,ornatus,SUBSPECIES,musara‚àö¬±a adornada,,ACCEPTED,,,4a3421d3-e83f-4d30-b0b9-6658c9f047b6,MX,07:42.5,0,0,0,0,COORDINATE_ROUNDED;GEODETIC_DATUM_INVALID;GEODETIC_DATUM_ASSUMED_WGS84;TYPE_STATUS_INVALID;OCCURRENCE_STATUS_INFERRED_FROM_INDIVIDUAL_COUNT;AMBIGUOUS_COLLECTION;INSTITUTION_MATCH_FUZZY,,TRUE,FALSE,7059216,7059216,1,44,359,803,5534,2435935,,2436078,Sorex ornatus,Sorex,Sorex ornatus ornatus,Sorex ornatus subsp. ornatus,,DWC_ARCHIVE,07:42.5,03:34.9,TRUE,USA,United States,USA.5_1,California,USA.5.42_1,Santa Barbara
1585926491,,http://vertnet.org/resources/norms.html,http://arctos.database.museum/guid/MVZ:Mamm:235828?seid=3674649,en,CC0_1_0,20:00.0,http://arctos.database.museum/guid/MVZ:Mamm:235828,,PhysicalObject,MVZ,28,,MVZ,Mammal specimens,,,PRESERVED_SPECIMEN,,sex=male;total length=158 mm;tail length=47 mm;hind foot with claw=20 mm;ear from notch=13 mm;weight=46 g,http://arctos.database.museum/guid/MVZ:Mamm:235828?seid=3674649,MVZ:Mamm:235828,555,Collector(s): Dana Lin; Preparator(s): Gordon Lau,1,MALE,,,,,PRESENT,skin; skull; tissue (frozen); tissue (frozen); skeleton,,,,,collector number=555,,http://arctos.database.museum/guid/MVZ:Mamm:235828,,,,,"[{""scientific_name"":""Microtus californicus sanctidiegi"",""nature_of_id"":""features"",""accepted_id_fg"":1,""made_date"":""2017-04-12"",""short_citation"":null,""publication_id"":null,""identification_remarks"":""Former nature_of_id: expert."",""idby"":""Dana Lin"",""concept_l",,,,,,00:00.0,4/12/17,,102,2017,4,12,12-Apr-17,,Sherman trap,DIT,,,"North America, United States, California, Santa Barbara County",NORTH_AMERICA,,US,California,Santa Barbara County,,Coal Oil Point Natural Reserve,"Coal Oil Point Nature Reserve, Santa Barbara County, California; elevation 7ft",,,,,Dana Lin,,34.41217,-119.87642,,decimal degrees,,Dana Lin,4/12/17 0:00,not recorded,GPS,unverified,,A,,Dana Lin,00:00.0,,features,Former nature_of_id: expert.,,,"Microtus californicus sanctidiegi Kellogg, 1918",,,,,,,"Animalia, Chordata, Mammalia, Rodentia, Myomorpha, Cricetidae, Arvicolinae, Microtus, Microtus californicus,",Animalia,Chordata,Mammalia,Rodentia,Cricetidae,Microtus,californicus,sanctidiegi,SUBSPECIES,,ICZN,SYNONYM,,,0daed095-478a-4af6-abf5-18acb790fbb2,US,49:46.8,2,0,,,OCCURRENCE_STATUS_INFERRED_FROM_INDIVIDUAL_COUNT;INSTITUTION_MATCH_FUZZY;INSTITUTION_COLLECTION_MISMATCH,,TRUE,FALSE,8954817,2438603,1,44,359,1459,3240723,2438591,,2438603,Microtus californicus,Microtus,"Microtus californicus (Peale, 1848)",Microtus californicus sanctidiegi,,DWC_ARCHIVE,49:46.8,45:22.3,FALSE,USA,United States,USA.5_1,California,USA.5.42_1,Santa Barbara
1585926488,,http://vertnet.org/resources/norms.html,http://arctos.database.museum/guid/MVZ:Mamm:235829?seid=3674650,en,CC0_1_0,20:00.0,http://arctos.database.museum/guid/MVZ:Mamm:235829,,PhysicalObject,MVZ,28,,MVZ,Mammal specimens,,,PRESERVED_SPECIMEN,,"sex=female;total length=181 mm;tail length=54 mm;hind foot with claw=20 mm;ear from notch=18 mm;weight=52.5 g;reproductive data=Embryos: 1L, 5R",http://arctos.database.museum/guid/MVZ:Mamm:235829?seid=3674650,MVZ:Mamm:235829,556,Collector(s): Dana Lin,1,FEMALE,,,,,PRESENT,"skull; tissue (frozen); tissue (frozen); embryo (formalin-fixed, 70% ethanol); skeleton",,,,,collector number=556,,http://arctos.database.museum/guid/MVZ:Mamm:235829,,,,,"[{""scientific_name"":""Microtus californicus sanctidiegi"",""nature_of_id"":""features"",""accepted_id_fg"":1,""made_date"":""2017-04-13"",""short_citation"":null,""publication_id"":null,""identification_remarks"":""Former nature_of_id: expert."",""idby"":""Dana Lin"",""concept_l",,,,,,00:00.0,4/13/17,,103,2017,4,13,13-Apr-17,,Sherman trap,,,,"North America, United States, California, Santa Barbara County",NORTH_AMERICA,,US,California,Santa Barbara County,,Coal Oil Point Natural Reserve,"Coal Oil Point Nature Reserve, Santa Barbara County, California; elevation 5ft",,,,,Dana Lin,,34.41218,-119.8763,,decimal degrees,,Dana Lin,4/13/17 0:00,not recorded,GPS,unverified,,A,,Dana Lin,00:00.0,,features,Former nature_of_id: expert.,,,"Microtus californicus sanctidiegi Kellogg, 1918",,,,,,,"Animalia, Chordata, Mammalia, Rodentia, Myomorpha, Cricetidae, Arvicolinae, Microtus, Microtus californicus,",Animalia,Chordata,Mammalia,Rodentia,Cricetidae,Microtus,californicus,sanctidiegi,SUBSPECIES,,ICZN,SYNONYM,,,0daed095-478a-4af6-abf5-18acb790fbb2,US,49:45.5,2,0,,,OCCURRENCE_STATUS_INFERRED_FROM_INDIVIDUAL_COUNT;INSTITUTION_MATCH_FUZZY;INSTITUTION_COLLECTION_MISMATCH,,TRUE,FALSE,8954817,2438603,1,44,359,1459,3240723,2438591,,2438603,Microtus californicus,Microtus,"Microtus californicus (Peale, 1848)",Microtus californicus sanctidiegi,,DWC_ARCHIVE,49:45.5,45:22.3,FALSE,USA,United States,USA.5_1,California,USA.5.42_1,Santa Barbara
1585926484,,http://vertnet.org/resources/norms.html,http://arctos.database.museum/guid/MVZ:Mamm:235822?seid=3674655,en,CC0_1_0,10:00.0,http://arctos.database.museum/guid/MVZ:Mamm:235822,,PhysicalObject,MVZ,28,,MVZ,Mammal specimens,,,PRESERVED_SPECIMEN,,sex=male;total length=164 mm;tail length=43 mm;hind foot with claw=21 mm;ear from notch=15 mm;weight=46 g,http://arctos.database.museum/guid/MVZ:Mamm:235822?seid=3674655,MVZ:Mamm:235822,549,Collector(s): Dana Lin,1,MALE,,,,,PRESENT,"skull; tissue (frozen); tissue (frozen); gastrointestinal tract (70% ethanol); phallus (formalin-fixed, 70% ethanol); skeleton",,,,,collector number=549,,http://arctos.database.museum/guid/MVZ:Mamm:235822,,,,,"[{""scientific_name"":""Microtus californicus sanctidiegi"",""nature_of_id"":""features"",""accepted_id_fg"":1,""made_date"":""2017-04-12"",""short_citation"":null,""publication_id"":null,""identification_remarks"":""Former nature_of_id: expert."",""idby"":""Dana Lin"",""concept_l",,,,,,00:00.0,4/12/17,,102,2017,4,12,12-Apr-17,,Sherman trap,,,,"North America, United States, California, Santa Barbara County",NORTH_AMERICA,,US,California,Santa Barbara County,,Coal Oil Point Natural Reserve,"Coal Oil Point Nature Reserve, Santa Barbara County, California; elevation 4ft",,,,,Dana Lin,,34.41227,-119.87602,,decimal degrees,,Dana Lin,4/12/17 0:00,not recorded,GPS,unverified,,A,,Dana Lin,00:00.0,,features,Former nature_of_id: expert.,,,"Microtus californicus sanctidiegi Kellogg, 1918",,,,,,,"Animalia, Chordata, Mammalia, Rodentia, Myomorpha, Cricetidae, Arvicolinae, Microtus, Microtus californicus,",Animalia,Chordata,Mammalia,Rodentia,Cricetidae,Microtus,californicus,sanctidiegi,SUBSPECIES,,ICZN,SYNONYM,,,0daed095-478a-4af6-abf5-18acb790fbb2,US,49:36.5,1,0,,,OCCURRENCE_STATUS_INFERRED_FROM_INDIVIDUAL_COUNT;INSTITUTION_MATCH_FUZZY;INSTITUTION_COLLECTION_MISMATCH,,TRUE,FALSE,8954817,2438603,1,44,359,1459,3240723,2438591,,2438603,Microtus californicus,Microtus,"Microtus californicus (Peale, 1848)",Microtus californicus sanctidiegi,,DWC_ARCHIVE,49:36.5,45:22.3,FALSE,USA,United States,USA.5_1,California,USA.5.42_1,Santa Barbara
1585926471,,http://vertnet.org/resources/norms.html,http://arctos.database.museum/guid/MVZ:Mamm:235830?seid=3674552,en,CC0_1_0,10:00.0,http://arctos.database.museum/guid/MVZ:Mamm:235830,,PhysicalObject,MVZ,28,,MVZ,Mammal specimens,,,PRESERVED_SPECIMEN,,"sex=female;total length=205 mm;tail length=67 mm;hind foot with claw=22 mm;ear from notch=18 mm;weight=13.5 g;reproductive data=Embryos: 4L, 3R",http://arctos.database.museum/guid/MVZ:Mamm:235830?seid=3674552,MVZ:Mamm:235830,557,Collector(s): Dana Lin,1,FEMALE,,,,,PRESENT,"skull; tissue (frozen); tissue (frozen); embryo (formalin-fixed, 70% ethanol); gastrointestinal tract (70% ethanol); skeleton",,,,,collector number=557,,http://arctos.database.museum/guid/MVZ:Mamm:235830,,,,,"[{""scientific_name"":""Microtus californicus sanctidiegi"",""nature_of_id"":""features"",""accepted_id_fg"":1,""made_date"":""2017-04-13"",""short_citation"":null,""publication_id"":null,""identification_remarks"":""Former nature_of_id: expert."",""idby"":""Dana Lin"",""concept_l",,,,,,00:00.0,4/13/17,,103,2017,4,13,13-Apr-17,,Sherman trap,,,,"North America, United States, California, Santa Barbara County",NORTH_AMERICA,,US,California,Santa Barbara County,,Coal Oil Point Natural Reserve,"Coal Oil Point Natural Reserve, Santa Barbara County, California; elevation 22ft",,,,,Dana Lin,,34.40785,-119.87818,,decimal degrees,,Dana Lin,4/13/17 0:00,not recorded,GPS,unverified,,A,,Dana Lin,00:00.0,,features,Former nature_of_id: expert.,,,"Microtus californicus sanctidiegi Kellogg, 1918",,,,,,,"Animalia, Chordata, Mammalia, Rodentia, Myomorpha, Cricetidae, Arvicolinae, Microtus, Microtus californicus,",Animalia,Chordata,Mammalia,Rodentia,Cricetidae,Microtus,californicus,sanctidiegi,SUBSPECIES,,ICZN,SYNONYM,,,0daed095-478a-4af6-abf5-18acb790fbb2,US,49:46.8,7,0,,,OCCURRENCE_STATUS_INFERRED_FROM_INDIVIDUAL_COUNT;INSTITUTION_MATCH_FUZZY;INSTITUTION_COLLECTION_MISMATCH,,TRUE,FALSE,8954817,2438603,1,44,359,1459,3240723,2438591,,2438603,Microtus californicus,Microtus,"Microtus californicus (Peale, 1848)",Microtus californicus sanctidiegi,,DWC_ARCHIVE,49:46.8,45:22.3,FALSE,USA,United States,USA.5_1,California,USA.5.42_1,Santa Barbara
1585926470,,http://vertnet.org/resources/norms.html,http://arctos.database.museum/guid/MVZ:Mamm:235826?seid=3674656,en,CC0_1_0,10:00.0,http://arctos.database.museum/guid/MVZ:Mamm:235826,,PhysicalObject,MVZ,28,,MVZ,Mammal specimens,,,PRESERVED_SPECIMEN,,sex=male;total length=184 mm;tail length=50 mm;hind foot with claw=21 mm;ear from notch=16 mm;weight=69 g,http://arctos.database.museum/guid/MVZ:Mamm:235826?seid=3674656,MVZ:Mamm:235826,553,Collector(s): Dana Lin,1,MALE,,,,,PRESENT,"skull; tissue (frozen); tissue (frozen); gastrointestinal tract (70% ethanol); phallus (formalin-fixed, 70% ethanol); skeleton",,,,,collector number=553,,http://arctos.database.museum/guid/MVZ:Mamm:235826,,,,,"[{""scientific_name"":""Microtus californicus sanctidiegi"",""nature_of_id"":""features"",""accepted_id_fg"":1,""made_date"":""2017-04-12"",""short_citation"":null,""publication_id"":null,""identification_remarks"":""Former nature_of_id: expert."",""idby"":""Dana Lin"",""concept_l",,,,,,00:00.0,4/12/17,,102,2017,4,12,12-Apr-17,,Sherman trap,,,,"North America, United States, California, Santa Barbara County",NORTH_AMERICA,,US,California,Santa Barbara County,,Coal Oil Point Natural Reserve,"Coal Oil Point Nature Reserve, Santa Barbara County, California; elevation 0ft",,,,,Dana Lin,,34.4125,-119.87567,,decimal degrees,,Dana Lin,4/12/17 0:00,not recorded,GPS,unverified,,A,,Dana Lin,00:00.0,,features,Former nature_of_id: expert.,,,"Microtus californicus sanctidiegi Kellogg, 1918",,,,,,,"Animalia, Chordata, Mammalia, Rodentia, Myomorpha, Cricetidae, Arvicolinae, Microtus, Microtus californicus,",Animalia,Chordata,Mammalia,Rodentia,Cricetidae,Microtus,californicus,sanctidiegi,SUBSPECIES,,ICZN,SYNONYM,,,0daed095-478a-4af6-abf5-18acb790fbb2,US,49:36.6,,,,,OCCURRENCE_STATUS_INFERRED_FROM_INDIVIDUAL_COUNT;INSTITUTION_MATCH_FUZZY;INSTITUTION_COLLECTION_MISMATCH,,TRUE,FALSE,8954817,2438603,1,44,359,1459,3240723,2438591,,2438603,Microtus californicus,Microtus,"Microtus californicus (Peale, 1848)",Microtus californicus sanctidiegi,,DWC_ARCHIVE,49:36.6,45:22.3,FALSE,USA,United States,USA.5_1,California,USA.5.42_1,Santa Barbara
1571697361,,,urn:catalog:CAS:MAM:31951,en,CC0_1_0,,,,PhysicalObject,,,,CAS,MAM,,,PRESERVED_SPECIMEN,,Weight=68.5 kg; Length=138.0 cm S.L.,urn:catalog:CAS:MAM:31951,31951,TMMC-CSL-10752,The Marine Mammal Center,,FEMALE,Adult,,,,PRESENT,TISSUE; vibrisse; SK; Bone sample,,,,,,"Complete skull plus vibrissae and tissues. Admitted to TMMC 10/22/2013, necropsied 11/22/2013.  TMMC patient name - Laduni. Left upper canine tooth sent to TMMC for ageing. For more information contact The Marine Mammal Center.",,,,,,,,,,,,00:00.0,,295,,2013,10,22,22-Oct-13,,,,,,North America; USA; California; Santa Barbara Co.,NORTH_AMERICA,,US,California,Santa Barbara Co.,,"Summerland, Loon Point",,,,,,,,34.40783,-119.87686,,,,The Marine Mammal Center,00:00.0,,map,unverified,,,,The Marine Mammal Center,,,,,,,Zalophus californianus californianus,,,,,,,Animalia; Chordata; Mammalia; Carnivora; Otariidae,Animalia,Chordata,Mammalia,Carnivora,Otariidae,Zalophus,californianus,californianus,SUBSPECIES,,,ACCEPTED,,,6ce7290f-47f6-4046-8356-371f5b6749df,US,07:18.4,,,,,GEODETIC_DATUM_ASSUMED_WGS84;AMBIGUOUS_INSTITUTION;AMBIGUOUS_COLLECTION,,TRUE,FALSE,5787239,5787239,1,44,359,732,5309,2433457,,2433458,Zalophus californianus,Zalophus,Zalophus californianus californianus,Zalophus californianus californianus,,DWC_ARCHIVE,07:18.4,06:52.0,FALSE,USA,United States,USA.5_1,California,USA.5.42_1,Santa Barbara
1145794425,,http://vertnet.org/resources/norms.html,http://arctos.database.museum/guid/MVZ:Mamm:216108?seid=1774834,en,CC0_1_0,10:00.0,http://arctos.database.museum/guid/MVZ:Mamm:216108,,PhysicalObject,MVZ,28,,MVZ,Mammal specimens,,,PRESERVED_SPECIMEN,,"weight=26.00 g;sex=female;reproductive data=embs. 2R, 4L; CR: 3 mm;total length=140 mm;tail length=41 mm;hind foot with claw=20 mm;ear from notch=15 mm",http://arctos.database.museum/guid/MVZ:Mamm:216108?seid=1774834,MVZ:Mamm:216108,1628,Collector(s): Christopher J. Conroy,1,FEMALE,,,,,PRESENT,skull; tissue (frozen); tissue (frozen) sample; whole organism (ethanol),,,,,collector number=1628,,http://arctos.database.museum/guid/MVZ:Mamm:216108,,,,,"[{""scientific_name"":""Microtus californicus sanctidiegi"",""nature_of_id"":""features"",""accepted_id_fg"":1,""made_date"":null,""short_citation"":null,""publication_id"":null,""identification_remarks"":""Former nature_of_id: field."",""idby"":""Christopher J. Conroy"",""conce",,,,,,00:00.0,4/3/05,,93,2005,4,3,3-Apr-05,,,,,,"North America, United States, California, Santa Barbara County",NORTH_AMERICA,,US,California,Santa Barbara County,,"Coal Oil Point Reserve, UC Santa Barbara","Coal Oil Pt. Reserve, UCSB, Santa Barbara Co., California",,,,,Christopher J. Conroy,,34.4153,-119.88046,110,decimal degrees,,Christopher J. Conroy,4/20/05 0:00,MaNIS georeferencing guidelines,GPS,unverified,,A,,Christopher J. Conroy,,,features,Former nature_of_id: field.,,,"Microtus californicus sanctidiegi Kellogg, 1918",,,,,,,"Animalia, Chordata, Mammalia, Rodentia, Myomorpha, Cricetidae, Arvicolinae, Microtus, Microtus californicus,",Animalia,Chordata,Mammalia,Rodentia,Cricetidae,Microtus,californicus,sanctidiegi,SUBSPECIES,,ICZN,SYNONYM,,,0daed095-478a-4af6-abf5-18acb790fbb2,US,49:36.4,,,,,TYPE_STATUS_INVALID;OCCURRENCE_STATUS_INFERRED_FROM_INDIVIDUAL_COUNT;INSTITUTION_MATCH_FUZZY;INSTITUTION_COLLECTION_MISMATCH,,TRUE,FALSE,8954817,2438603,1,44,359,1459,3240723,2438591,,2438603,Microtus californicus,Microtus,"Microtus californicus (Peale, 1848)",Microtus californicus sanctidiegi,,DWC_ARCHIVE,49:36.4,45:22.3,FALSE,USA,United States,USA.5_1,California,USA.5.42_1,Santa Barbara
1145794405,,http://vertnet.org/resources/norms.html,http://arctos.database.museum/guid/MVZ:Mamm:216060?seid=203336,en,CC0_1_0,44:06.8,http://arctos.database.museum/guid/MVZ:Mamm:216060,,PhysicalObject,MVZ,28,,MVZ,Mammal specimens,,,PRESERVED_SPECIMEN,,sex=male;reproductive data=t: 2 x 2,http://arctos.database.museum/guid/MVZ:Mamm:216060?seid=203336,MVZ:Mamm:216060,1612,Collector(s): Christopher J. Conroy,1,MALE,,,,,PRESENT,"skull; tissue (frozen); tissue (frozen) sample; skin, study; skin, study sample",,,,,collector number=1612,,http://arctos.database.museum/guid/MVZ:Mamm:216060,,,,,"[{""scientific_name"":""Microtus californicus sanctidiegi"",""nature_of_id"":""features"",""accepted_id_fg"":1,""made_date"":null,""short_citation"":null,""publication_id"":null,""identification_remarks"":""Former nature_of_id: field."",""idby"":""Christopher J. Conroy"",""conce",,,,,,00:00.0,4/1/05,,91,2005,4,1,1-Apr-05,,,,,,"North America, United States, California, Santa Barbara County",NORTH_AMERICA,,US,California,Santa Barbara County,,"Coal Oil Point Reserve, UC Santa Barbara","Coal Oil Pt. Reserve, UCSB, Goleta, Santa Barbara Co., CA",,,,,Christopher J. Conroy,,34.4153,-119.88046,110,decimal degrees,,Christopher J. Conroy,4/20/05 0:00,MaNIS georeferencing guidelines,GPS,unverified,,A,,Christopher J. Conroy,,,features,Former nature_of_id: field.,,,"Microtus californicus sanctidiegi Kellogg, 1918",,,,,,,"Animalia, Chordata, Mammalia, Rodentia, Myomorpha, Cricetidae, Arvicolinae, Microtus, Microtus californicus,",Animalia,Chordata,Mammalia,Rodentia,Cricetidae,Microtus,californicus,sanctidiegi,SUBSPECIES,,ICZN,SYNONYM,,,0daed095-478a-4af6-abf5-18acb790fbb2,US,49:31.4,,,,,TYPE_STATUS_INVALID;OCCURRENCE_STATUS_INFERRED_FROM_INDIVIDUAL_COUNT;INSTITUTION_MATCH_FUZZY;INSTITUTION_COLLECTION_MISMATCH,,TRUE,FALSE,8954817,2438603,1,44,359,1459,3240723,2438591,,2438603,Microtus californicus,Microtus,"Microtus californicus (Peale, 1848)",Microtus californicus sanctidiegi,,DWC_ARCHIVE,49:31.4,45:22.3,FALSE,USA,United States,USA.5_1,California,USA.5.42_1,Santa Barbara
1145794398,,http://vertnet.org/resources/norms.html,http://arctos.database.museum/guid/MVZ:Mamm:216100?seid=1010134,en,CC0_1_0,44:06.8,http://arctos.database.museum/guid/MVZ:Mamm:216100,,PhysicalObject,MVZ,28,,MVZ,Mammal specimens,,,PRESERVED_SPECIMEN,,weight=22.00 g;sex=female;reproductive data=null;total length=137 mm;tail length=43 mm;hind foot with claw=20 mm;ear from notch=13 mm,http://arctos.database.museum/guid/MVZ:Mamm:216100?seid=1010134,MVZ:Mamm:216100,1607,Collector(s): Christopher J. Conroy,1,FEMALE,,,,,PRESENT,skull; tissue (frozen); tissue (frozen) sample; whole organism (ethanol),,,,,collector number=1607,,http://arctos.database.museum/guid/MVZ:Mamm:216100,,,,,"[{""scientific_name"":""Microtus californicus sanctidiegi"",""nature_of_id"":""features"",""accepted_id_fg"":1,""made_date"":null,""short_citation"":null,""publication_id"":null,""identification_remarks"":""Former nature_of_id: field."",""idby"":""Christopher J. Conroy"",""conce",,,,,,00:00.0,3/31/05,,90,2005,3,31,31-Mar-05,,,,,,"North America, United States, California, Santa Barbara County",NORTH_AMERICA,,US,California,Santa Barbara County,,"Coal Oil Point Reserve, UC Santa Barbara","Coal Oil Pt. Reserve, UCSB, Goleta, Santa Barbara Co., CA",,,,,Christopher J. Conroy,,34.4153,-119.88046,110,decimal degrees,,Christopher J. Conroy,4/20/05 0:00,MaNIS georeferencing guidelines,GPS,unverified,,A,,Christopher J. Conroy,,,features,Former nature_of_id: field.,,,"Microtus californicus sanctidiegi Kellogg, 1918",,,,,,,"Animalia, Chordata, Mammalia, Rodentia, Myomorpha, Cricetidae, Arvicolinae, Microtus, Microtus californicus,",Animalia,Chordata,Mammalia,Rodentia,Cricetidae,Microtus,californicus,sanctidiegi,SUBSPECIES,,ICZN,SYNONYM,,,0daed095-478a-4af6-abf5-18acb790fbb2,US,49:46.9,,,,,TYPE_STATUS_INVALID;OCCURRENCE_STATUS_INFERRED_FROM_INDIVIDUAL_COUNT;INSTITUTION_MATCH_FUZZY;INSTITUTION_COLLECTION_MISMATCH,,TRUE,FALSE,8954817,2438603,1,44,359,1459,3240723,2438591,,2438603,Microtus californicus,Microtus,"Microtus californicus (Peale, 1848)",Microtus californicus sanctidiegi,,DWC_ARCHIVE,49:46.9,45:22.3,FALSE,USA,United States,USA.5_1,California,USA.5.42_1,Santa Barbara
1145794388,,http://vertnet.org/resources/norms.html,http://arctos.database.museum/guid/MVZ:Mamm:216103?seid=581830,en,CC0_1_0,44:06.8,http://arctos.database.museum/guid/MVZ:Mamm:216103,,PhysicalObject,MVZ,28,,MVZ,Mammal specimens,,,PRESERVED_SPECIMEN,,"weight=74.00 g;sex=female;reproductive data=embs. 3L, 4R; CR: 10;total length=195 mm;tail length=58 mm;hind foot with claw=21 mm;ear from notch=16 mm",http://arctos.database.museum/guid/MVZ:Mamm:216103?seid=581830,MVZ:Mamm:216103,1614,Collector(s): Christopher J. Conroy,1,FEMALE,,,,,PRESENT,skull; tissue (frozen); tissue (frozen) sample; whole organism (ethanol),,,,,collector number=1614,,http://arctos.database.museum/guid/MVZ:Mamm:216103,,,,,"[{""scientific_name"":""Microtus californicus sanctidiegi"",""nature_of_id"":""features"",""accepted_id_fg"":1,""made_date"":null,""short_citation"":null,""publication_id"":null,""identification_remarks"":""Former nature_of_id: field."",""idby"":""Christopher J. Conroy"",""conce",,,,,,00:00.0,4/1/05,,91,2005,4,1,1-Apr-05,,,,,,"North America, United States, California, Santa Barbara County",NORTH_AMERICA,,US,California,Santa Barbara County,,"Coal Oil Point Reserve, UC Santa Barbara","Coal Oil Pt. Reserve, UCSB, Goleta, Santa Barbara Co., CA",,,,,Christopher J. Conroy,,34.4153,-119.88046,110,decimal degrees,,Christopher J. Conroy,4/20/05 0:00,MaNIS georeferencing guidelines,GPS,unverified,,A,,Christopher J. Conroy,,,features,Former nature_of_id: field.,,,"Microtus californicus sanctidiegi Kellogg, 1918",,,,,,,"Animalia, Chordata, Mammalia, Rodentia, Myomorpha, Cricetidae, Arvicolinae, Microtus, Microtus californicus,",Animalia,Chordata,Mammalia,Rodentia,Cricetidae,Microtus,californicus,sanctidiegi,SUBSPECIES,,ICZN,SYNONYM,,,0daed095-478a-4af6-abf5-18acb790fbb2,US,49:31.4,,,,,TYPE_STATUS_INVALID;OCCURRENCE_STATUS_INFERRED_FROM_INDIVIDUAL_COUNT;INSTITUTION_MATCH_FUZZY;INSTITUTION_COLLECTION_MISMATCH,,TRUE,FALSE,8954817,2438603,1,44,359,1459,3240723,2438591,,2438603,Microtus californicus,Microtus,"Microtus californicus (Peale, 1848)",Microtus californicus sanctidiegi,,DWC_ARCHIVE,49:31.4,45:22.3,FALSE,USA,United States,USA.5_1,California,USA.5.42_1,Santa Barbara
1145794380,,http://vertnet.org/resources/norms.html,http://arctos.database.museum/guid/MVZ:Mamm:216033?seid=709678,en,CC0_1_0,44:06.8,http://arctos.database.museum/guid/MVZ:Mamm:216033,,PhysicalObject,MVZ,28,,MVZ,Mammal specimens,,,PRESERVED_SPECIMEN,,age class=embryo;sex=not recorded,http://arctos.database.museum/guid/MVZ:Mamm:216033?seid=709678,MVZ:Mamm:216033,1613-D,Collector(s): Christopher J. Conroy,1,,Embryo,,,,PRESENT,embryo (95% ethanol),,,,,collector number=1613-D,"saved in 70% EtOH for DNA in the field, but changed to 95% EtOH 27 Feb 2009.",http://arctos.database.museum/guid/MVZ:Mamm:216033,,,,,"[{""scientific_name"":""Microtus californicus sanctidiegi"",""nature_of_id"":""features"",""accepted_id_fg"":1,""made_date"":null,""short_citation"":null,""publication_id"":null,""identification_remarks"":""Former nature_of_id: field."",""idby"":""Christopher J. Conroy"",""conce",,,,,,00:00.0,4/1/05,,91,2005,4,1,1-Apr-05,,,,,,"North America, United States, California, Santa Barbara County",NORTH_AMERICA,,US,California,Santa Barbara County,,"Coal Oil Point Reserve, UC Santa Barbara","Coal Oil Pt. Reserve, UCSB, Goleta, Santa Barbara Co., CA",,,,,Christopher J. Conroy,,34.4153,-119.88046,110,decimal degrees,,Christopher J. Conroy,4/20/05 0:00,MaNIS georeferencing guidelines,GPS,unverified,,A,,Christopher J. Conroy,,,features,Former nature_of_id: field.,,,"Microtus californicus sanctidiegi Kellogg, 1918",,,,,,,"Animalia, Chordata, Mammalia, Rodentia, Myomorpha, Cricetidae, Arvicolinae, Microtus, Microtus californicus,",Animalia,Chordata,Mammalia,Rodentia,Cricetidae,Microtus,californicus,sanctidiegi,SUBSPECIES,,ICZN,SYNONYM,,,0daed095-478a-4af6-abf5-18acb790fbb2,US,49:31.5,,,,,OCCURRENCE_STATUS_INFERRED_FROM_INDIVIDUAL_COUNT;INSTITUTION_MATCH_FUZZY;INSTITUTION_COLLECTION_MISMATCH,,TRUE,FALSE,8954817,2438603,1,44,359,1459,3240723,2438591,,2438603,Microtus californicus,Microtus,"Microtus californicus (Peale, 1848)",Microtus californicus sanctidiegi,,DWC_ARCHIVE,49:31.5,45:22.3,FALSE,USA,United States,USA.5_1,California,USA.5.42_1,Santa Barbara
1145794379,,http://vertnet.org/resources/norms.html,http://arctos.database.museum/guid/MVZ:Mamm:216101?seid=360711,en,CC0_1_0,44:06.8,http://arctos.database.museum/guid/MVZ:Mamm:216101,,PhysicalObject,MVZ,28,,MVZ,Mammal specimens,,,PRESERVED_SPECIMEN,,weight=24.00 g;total length=165 mm;tail length=76 mm;hind foot with claw=18 mm;ear from notch=17 mm;sex=male,http://arctos.database.museum/guid/MVZ:Mamm:216101?seid=360711,MVZ:Mamm:216101,1609,Collector(s): Christopher J. Conroy,1,MALE,,,,,PRESENT,tissue (frozen); tissue (frozen) sample; whole organism (ethanol),,,,,collector number=1609,,http://arctos.database.museum/guid/MVZ:Mamm:216101,,,,,"[{""scientific_name"":""Peromyscus maniculatus gambelii"",""nature_of_id"":""features"",""accepted_id_fg"":1,""made_date"":null,""short_citation"":null,""publication_id"":null,""identification_remarks"":""Former nature_of_id: field."",""idby"":""Christopher J. Conroy"",""concept",,,,,,00:00.0,3/31/05,,90,2005,3,31,31-Mar-05,,,,,,"North America, United States, California, Santa Barbara County",NORTH_AMERICA,,US,California,Santa Barbara County,,"Coal Oil Point Reserve, UC Santa Barbara","Coal Oil Pt. Reserve, UCSB, Goleta, Santa Barbara Co., CA",,,,,Christopher J. Conroy,,34.4153,-119.88046,110,decimal degrees,,Christopher J. Conroy,4/20/05 0:00,MaNIS georeferencing guidelines,GPS,unverified,,A,,Christopher J. Conroy,,,features,Former nature_of_id: field.,,,Peromyscus maniculatus gambelii,,,,,,,"Animalia, Chordata, Mammalia, Rodentia, Myomorpha, Cricetidae, Neotominae, Peromyscus, Peromyscus maniculatus,",Animalia,Chordata,Mammalia,Rodentia,Cricetidae,Peromyscus,maniculatus,gambelii,SUBSPECIES,,ICZN,ACCEPTED,,,0daed095-478a-4af6-abf5-18acb790fbb2,US,49:42.9,,,,,OCCURRENCE_STATUS_INFERRED_FROM_INDIVIDUAL_COUNT;INSTITUTION_MATCH_FUZZY;INSTITUTION_COLLECTION_MISMATCH,,TRUE,FALSE,8832691,8832691,1,44,359,1459,3240723,2437961,,2437967,Peromyscus maniculatus,Peromyscus,Peromyscus maniculatus gambelii,Peromyscus maniculatus gambelii,,DWC_ARCHIVE,49:42.9,45:22.3,FALSE,USA,United States,USA.5_1,California,USA.5.42_1,Santa Barbara
1145794367,,http://vertnet.org/resources/norms.html,http://arctos.database.museum/guid/MVZ:Mamm:216059?seid=1768660,en,CC0_1_0,44:06.8,http://arctos.database.museum/guid/MVZ:Mamm:216059,,PhysicalObject,MVZ,28,,MVZ,Mammal specimens,,,PRESERVED_SPECIMEN,,"sex=female;reproductive data=embs: 3 R, 2 L; CR: 6; saved in 90% for DNA",http://arctos.database.museum/guid/MVZ:Mamm:216059?seid=1768660,MVZ:Mamm:216059,1611,Collector(s): Christopher J. Conroy,1,FEMALE,,,,,PRESENT,"skull; tissue (frozen); tissue (frozen) sample; skin, study; skin, study sample",,,,,collector number=1611,,http://arctos.database.museum/guid/MVZ:Mamm:216059,,,,,"[{""scientific_name"":""Microtus californicus sanctidiegi"",""nature_of_id"":""features"",""accepted_id_fg"":1,""made_date"":null,""short_citation"":null,""publication_id"":null,""identification_remarks"":""Former nature_of_id: field."",""idby"":""Christopher J. Conroy"",""conce",,,,,,00:00.0,4/1/05,,91,2005,4,1,1-Apr-05,,,,,,"North America, United States, California, Santa Barbara County",NORTH_AMERICA,,US,California,Santa Barbara County,,"Coal Oil Point Reserve, UC Santa Barbara","Coal Oil Pt. Reserve, UCSB, Goleta, Santa Barbara Co., CA",,,,,Christopher J. Conroy,,34.4153,-119.88046,110,decimal degrees,,Christopher J. Conroy,4/20/05 0:00,MaNIS georeferencing guidelines,GPS,unverified,,A,,Christopher J. Conroy,,,features,Former nature_of_id: field.,,,"Microtus californicus sanctidiegi Kellogg, 1918",,,,,,,"Animalia, Chordata, Mammalia, Rodentia, Myomorpha, Cricetidae, Arvicolinae, Microtus, Microtus californicus,",Animalia,Chordata,Mammalia,Rodentia,Cricetidae,Microtus,californicus,sanctidiegi,SUBSPECIES,,ICZN,SYNONYM,,,0daed095-478a-4af6-abf5-18acb790fbb2,US,49:46.4,,,,,TYPE_STATUS_INVALID;OCCURRENCE_STATUS_INFERRED_FROM_INDIVIDUAL_COUNT;INSTITUTION_MATCH_FUZZY;INSTITUTION_COLLECTION_MISMATCH,,TRUE,FALSE,8954817,2438603,1,44,359,1459,3240723,2438591,,2438603,Microtus californicus,Microtus,"Microtus californicus (Peale, 1848)",Microtus californicus sanctidiegi,,DWC_ARCHIVE,49:46.4,45:22.3,FALSE,USA,United States,USA.5_1,California,USA.5.42_1,Santa Barbara
1145794366,,http://vertnet.org/resources/norms.html,http://arctos.database.museum/guid/MVZ:Mamm:216058?seid=901080,en,CC0_1_0,44:06.8,http://arctos.database.museum/guid/MVZ:Mamm:216058,,PhysicalObject,MVZ,28,,MVZ,Mammal specimens,,,PRESERVED_SPECIMEN,,sex=male;reproductive data=t: 5 x 3; sv: 17,http://arctos.database.museum/guid/MVZ:Mamm:216058?seid=901080,MVZ:Mamm:216058,1606,Collector(s): Christopher J. Conroy,1,MALE,,,,,PRESENT,"skull; tissue (frozen); tissue (frozen) sample; skin, study; skeleton, postcranial; skin, study sample",,,,,collector number=1606,,http://arctos.database.museum/guid/MVZ:Mamm:216058,,,,,"[{""scientific_name"":""Microtus californicus sanctidiegi"",""nature_of_id"":""features"",""accepted_id_fg"":1,""made_date"":null,""short_citation"":null,""publication_id"":null,""identification_remarks"":""Former nature_of_id: field."",""idby"":""Christopher J. Conroy"",""conce",,,,,,00:00.0,3/31/05,,90,2005,3,31,31-Mar-05,,,,,,"North America, United States, California, Santa Barbara County",NORTH_AMERICA,,US,California,Santa Barbara County,,"Coal Oil Point Reserve, UC Santa Barbara","Coal Oil Pt. Reserve, UCSB, Goleta, Santa Barbara Co., CA",,,,,Christopher J. Conroy,,34.4153,-119.88046,110,decimal degrees,,Christopher J. Conroy,4/20/05 0:00,MaNIS georeferencing guidelines,GPS,unverified,,A,,Christopher J. Conroy,,,features,Former nature_of_id: field.,,,"Microtus californicus sanctidiegi Kellogg, 1918",,,,,,,"Animalia, Chordata, Mammalia, Rodentia, Myomorpha, Cricetidae, Arvicolinae, Microtus, Microtus californicus,",Animalia,Chordata,Mammalia,Rodentia,Cricetidae,Microtus,californicus,sanctidiegi,SUBSPECIES,,ICZN,SYNONYM,,,0daed095-478a-4af6-abf5-18acb790fbb2,US,49:31.6,,,,,TYPE_STATUS_INVALID;OCCURRENCE_STATUS_INFERRED_FROM_INDIVIDUAL_COUNT;INSTITUTION_MATCH_FUZZY;INSTITUTION_COLLECTION_MISMATCH,,TRUE,FALSE,8954817,2438603,1,44,359,1459,3240723,2438591,,2438603,Microtus californicus,Microtus,"Microtus californicus (Peale, 1848)",Microtus californicus sanctidiegi,,DWC_ARCHIVE,49:31.6,45:22.3,FALSE,USA,United States,USA.5_1,California,USA.5.42_1,Santa Barbara
1145794363,,http://vertnet.org/resources/norms.html,http://arctos.database.museum/guid/MVZ:Mamm:216064?seid=1110499,en,CC0_1_0,10:00.0,http://arctos.database.museum/guid/MVZ:Mamm:216064,,PhysicalObject,MVZ,28,,MVZ,Mammal specimens,,,PRESERVED_SPECIMEN,,sex=male;reproductive data=t: 6 x 3; SV: 3,http://arctos.database.museum/guid/MVZ:Mamm:216064?seid=1110499,MVZ:Mamm:216064,1630,Collector(s): Christopher J. Conroy,1,MALE,,,,,PRESENT,"skull; tissue (frozen); tissue (frozen) sample; skeleton, postcranial",,,,,collector number=1630,,http://arctos.database.museum/guid/MVZ:Mamm:216064,,,,,"[{""scientific_name"":""Microtus californicus sanctidiegi"",""nature_of_id"":""features"",""accepted_id_fg"":1,""made_date"":null,""short_citation"":null,""publication_id"":null,""identification_remarks"":""Former nature_of_id: field."",""idby"":""Christopher J. Conroy"",""conce",,,,,,00:00.0,4/3/05,,93,2005,4,3,3-Apr-05,,,,,,"North America, United States, California, Santa Barbara County",NORTH_AMERICA,,US,California,Santa Barbara County,,"Coal Oil Point Reserve, UC Santa Barbara","Coal Oil Pt. Reserve, UCSB, Santa Barbara Co., California",,,,,Christopher J. Conroy,,34.4153,-119.88046,110,decimal degrees,,Christopher J. Conroy,4/20/05 0:00,MaNIS georeferencing guidelines,GPS,unverified,,A,,Christopher J. Conroy,,,features,Former nature_of_id: field.,,,"Microtus californicus sanctidiegi Kellogg, 1918",,,,,,,"Animalia, Chordata, Mammalia, Rodentia, Myomorpha, Cricetidae, Arvicolinae, Microtus, Microtus californicus,",Animalia,Chordata,Mammalia,Rodentia,Cricetidae,Microtus,californicus,sanctidiegi,SUBSPECIES,,ICZN,SYNONYM,,,0daed095-478a-4af6-abf5-18acb790fbb2,US,49:45.2,,,,,TYPE_STATUS_INVALID;OCCURRENCE_STATUS_INFERRED_FROM_INDIVIDUAL_COUNT;INSTITUTION_MATCH_FUZZY;INSTITUTION_COLLECTION_MISMATCH,,TRUE,FALSE,8954817,2438603,1,44,359,1459,3240723,2438591,,2438603,Microtus californicus,Microtus,"Microtus californicus (Peale, 1848)",Microtus californicus sanctidiegi,,DWC_ARCHIVE,49:45.2,45:22.3,FALSE,USA,United States,USA.5_1,California,USA.5.42_1,Santa Barbara
1145794358,,http://vertnet.org/resources/norms.html,http://arctos.database.museum/guid/MVZ:Mamm:216063?seid=1117629,en,CC0_1_0,10:00.0,http://arctos.database.museum/guid/MVZ:Mamm:216063,,PhysicalObject,MVZ,28,,MVZ,Mammal specimens,,,PRESERVED_SPECIMEN,,weight=53.00 g;sex=male;reproductive data=t: 8 x 5; SV: 19;total length=186 mm;tail length=60 mm;hind foot with claw=20 mm;ear from notch=15 mm,http://arctos.database.museum/guid/MVZ:Mamm:216063?seid=1117629,MVZ:Mamm:216063,1629,Collector(s): Christopher J. Conroy,1,MALE,,,,,PRESENT,"skull; tissue (frozen); tissue (frozen) sample; skin, study",,,,,collector number=1629,giant specimen; white throat,http://arctos.database.museum/guid/MVZ:Mamm:216063,,,,,"[{""scientific_name"":""Microtus californicus sanctidiegi"",""nature_of_id"":""features"",""accepted_id_fg"":1,""made_date"":null,""short_citation"":null,""publication_id"":null,""identification_remarks"":""Former nature_of_id: field."",""idby"":""Christopher J. Conroy"",""conce",,,,,,00:00.0,4/3/05,,93,2005,4,3,3-Apr-05,,,,,,"North America, United States, California, Santa Barbara County",NORTH_AMERICA,,US,California,Santa Barbara County,,"Coal Oil Point Reserve, UC Santa Barbara","Coal Oil Pt. Reserve, UCSB, Santa Barbara Co., California",,,,,Christopher J. Conroy,,34.4153,-119.88046,110,decimal degrees,,Christopher J. Conroy,4/20/05 0:00,MaNIS georeferencing guidelines,GPS,unverified,,A,,Christopher J. Conroy,,,features,Former nature_of_id: field.,,,"Microtus californicus sanctidiegi Kellogg, 1918",,,,,,,"Animalia, Chordata, Mammalia, Rodentia, Myomorpha, Cricetidae, Arvicolinae, Microtus, Microtus californicus,",Animalia,Chordata,Mammalia,Rodentia,Cricetidae,Microtus,californicus,sanctidiegi,SUBSPECIES,,ICZN,SYNONYM,,,0daed095-478a-4af6-abf5-18acb790fbb2,US,49:36.8,,,,,TYPE_STATUS_INVALID;OCCURRENCE_STATUS_INFERRED_FROM_INDIVIDUAL_COUNT;INSTITUTION_MATCH_FUZZY;INSTITUTION_COLLECTION_MISMATCH,,TRUE,FALSE,8954817,2438603,1,44,359,1459,3240723,2438591,,2438603,Microtus californicus,Microtus,"Microtus californicus (Peale, 1848)",Microtus californicus sanctidiegi,,DWC_ARCHIVE,49:36.8,45:22.3,FALSE,USA,United States,USA.5_1,California,USA.5.42_1,Santa Barbara
1145794351,,http://vertnet.org/resources/norms.html,http://arctos.database.museum/guid/MVZ:Mamm:216082?seid=1632701,en,CC0_1_0,44:06.8,http://arctos.database.museum/guid/MVZ:Mamm:216082,,PhysicalObject,MVZ,28,,MVZ,Mammal specimens,,,PRESERVED_SPECIMEN,,"sex=female;reproductive data=embrs.: 3 R, 2 L;total length=161 mm;tail length=75 mm;hind foot with claw=17 mm;ear from notch=16 mm;weight=23 g",http://arctos.database.museum/guid/MVZ:Mamm:216082?seid=1632701,MVZ:Mamm:216082,1608,Collector(s): Christopher J. Conroy,1,FEMALE,,,,,PRESENT,"skull; tissue (frozen); tissue (frozen) sample; tissue (frozen) sample; skin, study",,,,,collector number=1608,,http://arctos.database.museum/guid/MVZ:Mamm:216082,,,,,"[{""scientific_name"":""Peromyscus maniculatus gambelii"",""nature_of_id"":""features"",""accepted_id_fg"":1,""made_date"":null,""short_citation"":null,""publication_id"":null,""identification_remarks"":""Former nature_of_id: field."",""idby"":""Christopher J. Conroy"",""concept",,,,,,00:00.0,3/31/05,,90,2005,3,31,31-Mar-05,,,,,,"North America, United States, California, Santa Barbara County",NORTH_AMERICA,,US,California,Santa Barbara County,,"Coal Oil Point Reserve, UC Santa Barbara","Coal Oil Pt. Reserve, UCSB, Goleta, Santa Barbara Co., CA",,,,,Christopher J. Conroy,,34.4153,-119.88046,110,decimal degrees,,Christopher J. Conroy,4/20/05 0:00,MaNIS georeferencing guidelines,GPS,unverified,,A,,Christopher J. Conroy,,,features,Former nature_of_id: field.,,,Peromyscus maniculatus gambelii,,,,,,,"Animalia, Chordata, Mammalia, Rodentia, Myomorpha, Cricetidae, Neotominae, Peromyscus, Peromyscus maniculatus,",Animalia,Chordata,Mammalia,Rodentia,Cricetidae,Peromyscus,maniculatus,gambelii,SUBSPECIES,,ICZN,ACCEPTED,,,0daed095-478a-4af6-abf5-18acb790fbb2,US,49:36.8,,,,,OCCURRENCE_STATUS_INFERRED_FROM_INDIVIDUAL_COUNT;INSTITUTION_MATCH_FUZZY;INSTITUTION_COLLECTION_MISMATCH,,TRUE,FALSE,8832691,8832691,1,44,359,1459,3240723,2437961,,2437967,Peromyscus maniculatus,Peromyscus,Peromyscus maniculatus gambelii,Peromyscus maniculatus gambelii,,DWC_ARCHIVE,49:36.8,45:22.3,FALSE,USA,United States,USA.5_1,California,USA.5.42_1,Santa Barbara
1145794344,,http://vertnet.org/resources/norms.html,http://arctos.database.museum/guid/MVZ:Mamm:216031?seid=174977,en,CC0_1_0,44:06.8,http://arctos.database.museum/guid/MVZ:Mamm:216031,,PhysicalObject,MVZ,28,,MVZ,Mammal specimens,,,PRESERVED_SPECIMEN,,age class=embryo;sex=not recorded,http://arctos.database.museum/guid/MVZ:Mamm:216031?seid=174977,MVZ:Mamm:216031,1613-B,Collector(s): Christopher J. Conroy,1,,Embryo,,,,PRESENT,embryo (95% ethanol),,,,,collector number=1613-B,"saved in 70% EtOH for DNA in the field, but changed to 95% EtOH 27 Feb 2009.",http://arctos.database.museum/guid/MVZ:Mamm:216031,,,,,"[{""scientific_name"":""Microtus californicus sanctidiegi"",""nature_of_id"":""features"",""accepted_id_fg"":1,""made_date"":null,""short_citation"":null,""publication_id"":null,""identification_remarks"":""Former nature_of_id: field."",""idby"":""Christopher J. Conroy"",""conce",,,,,,00:00.0,4/1/05,,91,2005,4,1,1-Apr-05,,,,,,"North America, United States, California, Santa Barbara County",NORTH_AMERICA,,US,California,Santa Barbara County,,"Coal Oil Point Reserve, UC Santa Barbara","Coal Oil Pt. Reserve, UCSB, Goleta, Santa Barbara Co., CA",,,,,Christopher J. Conroy,,34.4153,-119.88046,110,decimal degrees,,Christopher J. Conroy,4/20/05 0:00,MaNIS georeferencing guidelines,GPS,unverified,,A,,Christopher J. Conroy,,,features,Former nature_of_id: field.,,,"Microtus californicus sanctidiegi Kellogg, 1918",,,,,,,"Animalia, Chordata, Mammalia, Rodentia, Myomorpha, Cricetidae, Arvicolinae, Microtus, Microtus californicus,",Animalia,Chordata,Mammalia,Rodentia,Cricetidae,Microtus,californicus,sanctidiegi,SUBSPECIES,,ICZN,SYNONYM,,,0daed095-478a-4af6-abf5-18acb790fbb2,US,49:31.6,,,,,OCCURRENCE_STATUS_INFERRED_FROM_INDIVIDUAL_COUNT;INSTITUTION_MATCH_FUZZY;INSTITUTION_COLLECTION_MISMATCH,,TRUE,FALSE,8954817,2438603,1,44,359,1459,3240723,2438591,,2438603,Microtus californicus,Microtus,"Microtus californicus (Peale, 1848)",Microtus californicus sanctidiegi,,DWC_ARCHIVE,49:31.6,45:22.3,FALSE,USA,United States,USA.5_1,California,USA.5.42_1,Santa Barbara
1145794339,,http://vertnet.org/resources/norms.html,http://arctos.database.museum/guid/MVZ:Mamm:216034?seid=1676799,en,CC0_1_0,44:06.8,http://arctos.database.museum/guid/MVZ:Mamm:216034,,PhysicalObject,MVZ,28,,MVZ,Mammal specimens,,,PRESERVED_SPECIMEN,,age class=embryo;sex=not recorded,http://arctos.database.museum/guid/MVZ:Mamm:216034?seid=1676799,MVZ:Mamm:216034,1613-E,Collector(s): Christopher J. Conroy,1,,Embryo,,,,PRESENT,embryo (95% ethanol),,,,,collector number=1613-E,"saved in 70% EtOH for DNA in the field, but changed to 95% EtOH 27 Feb 2009.",http://arctos.database.museum/guid/MVZ:Mamm:216034,,,,,"[{""scientific_name"":""Microtus californicus sanctidiegi"",""nature_of_id"":""features"",""accepted_id_fg"":1,""made_date"":null,""short_citation"":null,""publication_id"":null,""identification_remarks"":""Former nature_of_id: field."",""idby"":""Christopher J. Conroy"",""conce",,,,,,00:00.0,4/1/05,,91,2005,4,1,1-Apr-05,,,,,,"North America, United States, California, Santa Barbara County",NORTH_AMERICA,,US,California,Santa Barbara County,,"Coal Oil Point Reserve, UC Santa Barbara","Coal Oil Pt. Reserve, UCSB, Goleta, Santa Barbara Co., CA",,,,,Christopher J. Conroy,,34.4153,-119.88046,110,decimal degrees,,Christopher J. Conroy,4/20/05 0:00,MaNIS georeferencing guidelines,GPS,unverified,,A,,Christopher J. Conroy,,,features,Former nature_of_id: field.,,,"Microtus californicus sanctidiegi Kellogg, 1918",,,,,,,"Animalia, Chordata, Mammalia, Rodentia, Myomorpha, Cricetidae, Arvicolinae, Microtus, Microtus californicus,",Animalia,Chordata,Mammalia,Rodentia,Cricetidae,Microtus,californicus,sanctidiegi,SUBSPECIES,,ICZN,SYNONYM,,,0daed095-478a-4af6-abf5-18acb790fbb2,US,49:46.5,,,,,OCCURRENCE_STATUS_INFERRED_FROM_INDIVIDUAL_COUNT;INSTITUTION_MATCH_FUZZY;INSTITUTION_COLLECTION_MISMATCH,,TRUE,FALSE,8954817,2438603,1,44,359,1459,3240723,2438591,,2438603,Microtus californicus,Microtus,"Microtus californicus (Peale, 1848)",Microtus californicus sanctidiegi,,DWC_ARCHIVE,49:46.5,45:22.3,FALSE,USA,United States,USA.5_1,California,USA.5.42_1,Santa Barbara
1145794338,,http://vertnet.org/resources/norms.html,http://arctos.database.museum/guid/MVZ:Mamm:216061?seid=1258801,en,CC0_1_0,44:06.8,http://arctos.database.museum/guid/MVZ:Mamm:216061,,PhysicalObject,MVZ,28,,MVZ,Mammal specimens,,,PRESERVED_SPECIMEN,,"sex=female;reproductive data=bloody vagina; embs: 3 R, 2 L; CR: 10-12; saved in ETOH",http://arctos.database.museum/guid/MVZ:Mamm:216061?seid=1258801,MVZ:Mamm:216061,1613,Collector(s): Christopher J. Conroy,1,FEMALE,,,,,PRESENT,"skull; tissue (frozen); tissue (frozen) sample; skin, study",,,,,collector number=1613,,http://arctos.database.museum/guid/MVZ:Mamm:216061,,,,,"[{""scientific_name"":""Microtus californicus sanctidiegi"",""nature_of_id"":""features"",""accepted_id_fg"":1,""made_date"":null,""short_citation"":null,""publication_id"":null,""identification_remarks"":""Former nature_of_id: field."",""idby"":""Christopher J. Conroy"",""conce",,,,,,00:00.0,4/1/05,,91,2005,4,1,1-Apr-05,,,,,,"North America, United States, California, Santa Barbara County",NORTH_AMERICA,,US,California,Santa Barbara County,,"Coal Oil Point Reserve, UC Santa Barbara","Coal Oil Pt. Reserve, UCSB, Goleta, Santa Barbara Co., CA",,,,,Christopher J. Conroy,,34.4153,-119.88046,110,decimal degrees,,Christopher J. Conroy,4/20/05 0:00,MaNIS georeferencing guidelines,GPS,unverified,,A,,Christopher J. Conroy,,,features,Former nature_of_id: field.,,,"Microtus californicus sanctidiegi Kellogg, 1918",,,,,,,"Animalia, Chordata, Mammalia, Rodentia, Myomorpha, Cricetidae, Arvicolinae, Microtus, Microtus californicus,",Animalia,Chordata,Mammalia,Rodentia,Cricetidae,Microtus,californicus,sanctidiegi,SUBSPECIES,,ICZN,SYNONYM,,,0daed095-478a-4af6-abf5-18acb790fbb2,US,49:46.4,,,,,TYPE_STATUS_INVALID;OCCURRENCE_STATUS_INFERRED_FROM_INDIVIDUAL_COUNT;INSTITUTION_MATCH_FUZZY;INSTITUTION_COLLECTION_MISMATCH,,TRUE,FALSE,8954817,2438603,1,44,359,1459,3240723,2438591,,2438603,Microtus californicus,Microtus,"Microtus californicus (Peale, 1848)",Microtus californicus sanctidiegi,,DWC_ARCHIVE,49:46.4,45:22.3,FALSE,USA,United States,USA.5_1,California,USA.5.42_1,Santa Barbara
1145794326,,http://vertnet.org/resources/norms.html,http://arctos.database.museum/guid/MVZ:Mamm:216062?seid=1446533,en,CC0_1_0,44:06.8,http://arctos.database.museum/guid/MVZ:Mamm:216062,,PhysicalObject,MVZ,28,,MVZ,Mammal specimens,,,PRESERVED_SPECIMEN,,sex=male;reproductive data=t: 7 x 5; SV: 14;total length=188 mm;tail length=55 mm;hind foot with claw=21 mm;ear from notch=15 mm;weight=55 g,http://arctos.database.museum/guid/MVZ:Mamm:216062?seid=1446533,MVZ:Mamm:216062,1615,Collector(s): Christopher J. Conroy,1,MALE,,,,,PRESENT,"skull; tissue (frozen); tissue (frozen) sample; skin, study; carcass (ethanol)",,,,,collector number=1615,"This specimen should have been cited as a voucher in Conroy & Neuwald 2008, but MVZ 216062 was cited instead. This is the correct specimen for that record.",http://arctos.database.museum/guid/MVZ:Mamm:216062,,,,,"[{""scientific_name"":""Microtus californicus sanctidiegi"",""nature_of_id"":""features"",""accepted_id_fg"":1,""made_date"":null,""short_citation"":null,""publication_id"":null,""identification_remarks"":""Former nature_of_id: field."",""idby"":""Christopher J. Conroy"",""conce",,,,,,00:00.0,4/2/05,,92,2005,4,2,2-Apr-05,,,,,,"North America, United States, California, Santa Barbara County",NORTH_AMERICA,,US,California,Santa Barbara County,,"Coal Oil Point Reserve, UC Santa Barbara","Coal Oil Pt. Reserve, UCSB, Goleta, Santa Barbara Co., CA",,,,,Christopher J. Conroy,,34.4153,-119.88046,110,decimal degrees,,Christopher J. Conroy,4/20/05 0:00,MaNIS georeferencing guidelines,GPS,unverified,,A,,Christopher J. Conroy,,,features,Former nature_of_id: field.,,,"Microtus californicus sanctidiegi Kellogg, 1918",,,,,,,"Animalia, Chordata, Mammalia, Rodentia, Myomorpha, Cricetidae, Arvicolinae, Microtus, Microtus californicus,",Animalia,Chordata,Mammalia,Rodentia,Cricetidae,Microtus,californicus,sanctidiegi,SUBSPECIES,,ICZN,SYNONYM,,,0daed095-478a-4af6-abf5-18acb790fbb2,US,49:46.4,,,,,TYPE_STATUS_INVALID;OCCURRENCE_STATUS_INFERRED_FROM_INDIVIDUAL_COUNT;INSTITUTION_MATCH_FUZZY;INSTITUTION_COLLECTION_MISMATCH,,TRUE,FALSE,8954817,2438603,1,44,359,1459,3240723,2438591,,2438603,Microtus californicus,Microtus,"Microtus californicus (Peale, 1848)",Microtus californicus sanctidiegi,,DWC_ARCHIVE,49:46.4,45:22.3,FALSE,USA,United States,USA.5_1,California,USA.5.42_1,Santa Barbara
1145794317,,http://vertnet.org/resources/norms.html,http://arctos.database.museum/guid/MVZ:Mamm:216032?seid=1625479,en,CC0_1_0,44:06.8,http://arctos.database.museum/guid/MVZ:Mamm:216032,,PhysicalObject,MVZ,28,,MVZ,Mammal specimens,,,PRESERVED_SPECIMEN,,age class=embryo;sex=not recorded,http://arctos.database.museum/guid/MVZ:Mamm:216032?seid=1625479,MVZ:Mamm:216032,1613-C,Collector(s): Christopher J. Conroy,1,,Embryo,,,,PRESENT,embryo (95% ethanol),,,,,collector number=1613-C,"saved in 70% EtOH for DNA in the field, but changed to 95% EtOH 27 Feb 2009.",http://arctos.database.museum/guid/MVZ:Mamm:216032,,,,,"[{""scientific_name"":""Microtus californicus sanctidiegi"",""nature_of_id"":""features"",""accepted_id_fg"":1,""made_date"":null,""short_citation"":null,""publication_id"":null,""identification_remarks"":""Former nature_of_id: field."",""idby"":""Christopher J. Conroy"",""conce",,,,,,00:00.0,4/1/05,,91,2005,4,1,1-Apr-05,,,,,,"North America, United States, California, Santa Barbara County",NORTH_AMERICA,,US,California,Santa Barbara County,,"Coal Oil Point Reserve, UC Santa Barbara","Coal Oil Pt. Reserve, UCSB, Goleta, Santa Barbara Co., CA",,,,,Christopher J. Conroy,,34.4153,-119.88046,110,decimal degrees,,Christopher J. Conroy,4/20/05 0:00,MaNIS georeferencing guidelines,GPS,unverified,,A,,Christopher J. Conroy,,,features,Former nature_of_id: field.,,,"Microtus californicus sanctidiegi Kellogg, 1918",,,,,,,"Animalia, Chordata, Mammalia, Rodentia, Myomorpha, Cricetidae, Arvicolinae, Microtus, Microtus californicus,",Animalia,Chordata,Mammalia,Rodentia,Cricetidae,Microtus,californicus,sanctidiegi,SUBSPECIES,,ICZN,SYNONYM,,,0daed095-478a-4af6-abf5-18acb790fbb2,US,49:36.5,,,,,OCCURRENCE_STATUS_INFERRED_FROM_INDIVIDUAL_COUNT;INSTITUTION_MATCH_FUZZY;INSTITUTION_COLLECTION_MISMATCH,,TRUE,FALSE,8954817,2438603,1,44,359,1459,3240723,2438591,,2438603,Microtus californicus,Microtus,"Microtus californicus (Peale, 1848)",Microtus californicus sanctidiegi,,DWC_ARCHIVE,49:36.5,45:22.3,FALSE,USA,United States,USA.5_1,California,USA.5.42_1,Santa Barbara
1145794307,,http://vertnet.org/resources/norms.html,http://arctos.database.museum/guid/MVZ:Mamm:216028?seid=510151,en,CC0_1_0,44:06.8,http://arctos.database.museum/guid/MVZ:Mamm:216028,,PhysicalObject,MVZ,28,,MVZ,Mammal specimens,,,PRESERVED_SPECIMEN,,age class=embryo;sex=not recorded,http://arctos.database.museum/guid/MVZ:Mamm:216028?seid=510151,MVZ:Mamm:216028,1611-D,Collector(s): Christopher J. Conroy,1,,Embryo,,,,PRESENT,embryo (95% ethanol),,,,,collector number=1611-D,"saved in 70% EtOH for DNA in the field, but changed to 95% EtOH 27 Feb 2009.",http://arctos.database.museum/guid/MVZ:Mamm:216028,,,,,"[{""scientific_name"":""Microtus californicus sanctidiegi"",""nature_of_id"":""features"",""accepted_id_fg"":1,""made_date"":null,""short_citation"":null,""publication_id"":null,""identification_remarks"":""Former nature_of_id: field."",""idby"":""Christopher J. Conroy"",""conce",,,,,,00:00.0,4/1/05,,91,2005,4,1,1-Apr-05,,,,,,"North America, United States, California, Santa Barbara County",NORTH_AMERICA,,US,California,Santa Barbara County,,"Coal Oil Point Reserve, UC Santa Barbara","Coal Oil Pt. Reserve, UCSB, Goleta, Santa Barbara Co., CA",,,,,Christopher J. Conroy,,34.4153,-119.88046,110,decimal degrees,,Christopher J. Conroy,4/20/05 0:00,MaNIS georeferencing guidelines,GPS,unverified,,A,,Christopher J. Conroy,,,features,Former nature_of_id: field.,,,"Microtus californicus sanctidiegi Kellogg, 1918",,,,,,,"Animalia, Chordata, Mammalia, Rodentia, Myomorpha, Cricetidae, Arvicolinae, Microtus, Microtus californicus,",Animalia,Chordata,Mammalia,Rodentia,Cricetidae,Microtus,californicus,sanctidiegi,SUBSPECIES,,ICZN,SYNONYM,,,0daed095-478a-4af6-abf5-18acb790fbb2,US,49:31.4,,,,,OCCURRENCE_STATUS_INFERRED_FROM_INDIVIDUAL_COUNT;INSTITUTION_MATCH_FUZZY;INSTITUTION_COLLECTION_MISMATCH,,TRUE,FALSE,8954817,2438603,1,44,359,1459,3240723,2438591,,2438603,Microtus californicus,Microtus,"Microtus californicus (Peale, 1848)",Microtus californicus sanctidiegi,,DWC_ARCHIVE,49:31.4,45:22.3,FALSE,USA,United States,USA.5_1,California,USA.5.42_1,Santa Barbara
1145794302,,http://vertnet.org/resources/norms.html,http://arctos.database.museum/guid/MVZ:Mamm:216029?seid=1373625,en,CC0_1_0,44:06.8,http://arctos.database.museum/guid/MVZ:Mamm:216029,,PhysicalObject,MVZ,28,,MVZ,Mammal specimens,,,PRESERVED_SPECIMEN,,age class=embryo;sex=not recorded,http://arctos.database.museum/guid/MVZ:Mamm:216029?seid=1373625,MVZ:Mamm:216029,1611-E,Collector(s): Christopher J. Conroy,1,,Embryo,,,,PRESENT,embryo (95% ethanol),,,,,collector number=1611-E,"saved in 70% EtOH for DNA in the field, but changed to 95% EtOH 27 Feb 2009.",http://arctos.database.museum/guid/MVZ:Mamm:216029,,,,,"[{""scientific_name"":""Microtus californicus sanctidiegi"",""nature_of_id"":""features"",""accepted_id_fg"":1,""made_date"":null,""short_citation"":null,""publication_id"":null,""identification_remarks"":""Former nature_of_id: field."",""idby"":""Christopher J. Conroy"",""conce",,,,,,00:00.0,4/1/05,,91,2005,4,1,1-Apr-05,,,,,,"North America, United States, California, Santa Barbara County",NORTH_AMERICA,,US,California,Santa Barbara County,,"Coal Oil Point Reserve, UC Santa Barbara","Coal Oil Pt. Reserve, UCSB, Goleta, Santa Barbara Co., CA",,,,,Christopher J. Conroy,,34.4153,-119.88046,110,decimal degrees,,Christopher J. Conroy,4/20/05 0:00,MaNIS georeferencing guidelines,GPS,unverified,,A,,Christopher J. Conroy,,,features,Former nature_of_id: field.,,,"Microtus californicus sanctidiegi Kellogg, 1918",,,,,,,"Animalia, Chordata, Mammalia, Rodentia, Myomorpha, Cricetidae, Arvicolinae, Microtus, Microtus californicus,",Animalia,Chordata,Mammalia,Rodentia,Cricetidae,Microtus,californicus,sanctidiegi,SUBSPECIES,,ICZN,SYNONYM,,,0daed095-478a-4af6-abf5-18acb790fbb2,US,49:36.5,,,,,OCCURRENCE_STATUS_INFERRED_FROM_INDIVIDUAL_COUNT;INSTITUTION_MATCH_FUZZY;INSTITUTION_COLLECTION_MISMATCH,,TRUE,FALSE,8954817,2438603,1,44,359,1459,3240723,2438591,,2438603,Microtus californicus,Microtus,"Microtus californicus (Peale, 1848)",Microtus californicus sanctidiegi,,DWC_ARCHIVE,49:36.5,45:22.3,FALSE,USA,United States,USA.5_1,California,USA.5.42_1,Santa Barbara
1145794301,,http://vertnet.org/resources/norms.html,http://arctos.database.museum/guid/MVZ:Mamm:216026?seid=1245672,en,CC0_1_0,44:06.8,http://arctos.database.museum/guid/MVZ:Mamm:216026,,PhysicalObject,MVZ,28,,MVZ,Mammal specimens,,,PRESERVED_SPECIMEN,,age class=embryo;sex=not recorded,http://arctos.database.museum/guid/MVZ:Mamm:216026?seid=1245672,MVZ:Mamm:216026,1611-B,Collector(s): Christopher J. Conroy,1,,Embryo,,,,PRESENT,embryo (95% ethanol),,,,,collector number=1611-B,"saved in 70% EtOH for DNA in the field, but changed to 95% EtOH 27 Feb 2009.",http://arctos.database.museum/guid/MVZ:Mamm:216026,,,,,"[{""scientific_name"":""Microtus californicus sanctidiegi"",""nature_of_id"":""features"",""accepted_id_fg"":1,""made_date"":null,""short_citation"":null,""publication_id"":null,""identification_remarks"":""Former nature_of_id: field."",""idby"":""Christopher J. Conroy"",""conce",,,,,,00:00.0,4/1/05,,91,2005,4,1,1-Apr-05,,,,,,"North America, United States, California, Santa Barbara County",NORTH_AMERICA,,US,California,Santa Barbara County,,"Coal Oil Point Reserve, UC Santa Barbara","Coal Oil Pt. Reserve, UCSB, Goleta, Santa Barbara Co., CA",,,,,Christopher J. Conroy,,34.4153,-119.88046,110,decimal degrees,,Christopher J. Conroy,4/20/05 0:00,MaNIS georeferencing guidelines,GPS,unverified,,A,,Christopher J. Conroy,,,features,Former nature_of_id: field.,,,"Microtus californicus sanctidiegi Kellogg, 1918",,,,,,,"Animalia, Chordata, Mammalia, Rodentia, Myomorpha, Cricetidae, Arvicolinae, Microtus, Microtus californicus,",Animalia,Chordata,Mammalia,Rodentia,Cricetidae,Microtus,californicus,sanctidiegi,SUBSPECIES,,ICZN,SYNONYM,,,0daed095-478a-4af6-abf5-18acb790fbb2,US,49:36.5,,,,,OCCURRENCE_STATUS_INFERRED_FROM_INDIVIDUAL_COUNT;INSTITUTION_MATCH_FUZZY;INSTITUTION_COLLECTION_MISMATCH,,TRUE,FALSE,8954817,2438603,1,44,359,1459,3240723,2438591,,2438603,Microtus californicus,Microtus,"Microtus californicus (Peale, 1848)",Microtus californicus sanctidiegi,,DWC_ARCHIVE,49:36.5,45:22.3,FALSE,USA,United States,USA.5_1,California,USA.5.42_1,Santa Barbara
1145794287,,http://vertnet.org/resources/norms.html,http://arctos.database.museum/guid/MVZ:Mamm:216025?seid=1196921,en,CC0_1_0,44:06.8,http://arctos.database.museum/guid/MVZ:Mamm:216025,,PhysicalObject,MVZ,28,,MVZ,Mammal specimens,,,PRESERVED_SPECIMEN,,age class=embryo;sex=not recorded,http://arctos.database.museum/guid/MVZ:Mamm:216025?seid=1196921,MVZ:Mamm:216025,1611-A,Collector(s): Christopher J. Conroy,1,,Embryo,,,,PRESENT,embryo (95% ethanol),,,,,collector number=1611-A,"saved in 70% EtOH for DNA in the field, but changed to 95% EtOH 27 Feb 2009.",http://arctos.database.museum/guid/MVZ:Mamm:216025,,,,,"[{""scientific_name"":""Microtus californicus sanctidiegi"",""nature_of_id"":""features"",""accepted_id_fg"":1,""made_date"":null,""short_citation"":null,""publication_id"":null,""identification_remarks"":""Former nature_of_id: field."",""idby"":""Christopher J. Conroy"",""conce",,,,,,00:00.0,4/1/05,,91,2005,4,1,1-Apr-05,,,,,,"North America, United States, California, Santa Barbara County",NORTH_AMERICA,,US,California,Santa Barbara County,,"Coal Oil Point Reserve, UC Santa Barbara","Coal Oil Pt. Reserve, UCSB, Goleta, Santa Barbara Co., CA",,,,,Christopher J. Conroy,,34.4153,-119.88046,110,decimal degrees,,Christopher J. Conroy,4/20/05 0:00,MaNIS georeferencing guidelines,GPS,unverified,,A,,Christopher J. Conroy,,,features,Former nature_of_id: field.,,,"Microtus californicus sanctidiegi Kellogg, 1918",,,,,,,"Animalia, Chordata, Mammalia, Rodentia, Myomorpha, Cricetidae, Arvicolinae, Microtus, Microtus californicus,",Animalia,Chordata,Mammalia,Rodentia,Cricetidae,Microtus,californicus,sanctidiegi,SUBSPECIES,,ICZN,SYNONYM,,,0daed095-478a-4af6-abf5-18acb790fbb2,US,49:35.7,,,,,OCCURRENCE_STATUS_INFERRED_FROM_INDIVIDUAL_COUNT;INSTITUTION_MATCH_FUZZY;INSTITUTION_COLLECTION_MISMATCH,,TRUE,FALSE,8954817,2438603,1,44,359,1459,3240723,2438591,,2438603,Microtus californicus,Microtus,"Microtus californicus (Peale, 1848)",Microtus californicus sanctidiegi,,DWC_ARCHIVE,49:35.7,45:22.3,FALSE,USA,United States,USA.5_1,California,USA.5.42_1,Santa Barbara
1145794283,,http://vertnet.org/resources/norms.html,http://arctos.database.museum/guid/MVZ:Mamm:216030?seid=148101,en,CC0_1_0,44:06.8,http://arctos.database.museum/guid/MVZ:Mamm:216030,,PhysicalObject,MVZ,28,,MVZ,Mammal specimens,,,PRESERVED_SPECIMEN,,age class=embryo;sex=not recorded,http://arctos.database.museum/guid/MVZ:Mamm:216030?seid=148101,MVZ:Mamm:216030,1613-A,Collector(s): Christopher J. Conroy,1,,Embryo,,,,PRESENT,embryo (95% ethanol),,,,,collector number=1613-A,"saved in 70% EtOH for DNA in the field, but changed to 95% EtOH 27 Feb 2009.",http://arctos.database.museum/guid/MVZ:Mamm:216030,,,,,"[{""scientific_name"":""Microtus californicus sanctidiegi"",""nature_of_id"":""features"",""accepted_id_fg"":1,""made_date"":null,""short_citation"":null,""publication_id"":null,""identification_remarks"":""Former nature_of_id: field."",""idby"":""Christopher J. Conroy"",""conce",,,,,,00:00.0,4/1/05,,91,2005,4,1,1-Apr-05,,,,,,"North America, United States, California, Santa Barbara County",NORTH_AMERICA,,US,California,Santa Barbara County,,"Coal Oil Point Reserve, UC Santa Barbara","Coal Oil Pt. Reserve, UCSB, Goleta, Santa Barbara Co., CA",,,,,Christopher J. Conroy,,34.4153,-119.88046,110,decimal degrees,,Christopher J. Conroy,4/20/05 0:00,MaNIS georeferencing guidelines,GPS,unverified,,A,,Christopher J. Conroy,,,features,Former nature_of_id: field.,,,"Microtus californicus sanctidiegi Kellogg, 1918",,,,,,,"Animalia, Chordata, Mammalia, Rodentia, Myomorpha, Cricetidae, Arvicolinae, Microtus, Microtus californicus,",Animalia,Chordata,Mammalia,Rodentia,Cricetidae,Microtus,californicus,sanctidiegi,SUBSPECIES,,ICZN,SYNONYM,,,0daed095-478a-4af6-abf5-18acb790fbb2,US,49:31.2,,,,,OCCURRENCE_STATUS_INFERRED_FROM_INDIVIDUAL_COUNT;INSTITUTION_MATCH_FUZZY;INSTITUTION_COLLECTION_MISMATCH,,TRUE,FALSE,8954817,2438603,1,44,359,1459,3240723,2438591,,2438603,Microtus californicus,Microtus,"Microtus californicus (Peale, 1848)",Microtus californicus sanctidiegi,,DWC_ARCHIVE,49:31.2,45:22.3,FALSE,USA,United States,USA.5_1,California,USA.5.42_1,Santa Barbara
1145794277,,http://vertnet.org/resources/norms.html,http://arctos.database.museum/guid/MVZ:Mamm:216027?seid=1002780,en,CC0_1_0,44:06.8,http://arctos.database.museum/guid/MVZ:Mamm:216027,,PhysicalObject,MVZ,28,,MVZ,Mammal specimens,,,PRESERVED_SPECIMEN,,age class=embryo;sex=not recorded,http://arctos.database.museum/guid/MVZ:Mamm:216027?seid=1002780,MVZ:Mamm:216027,1611-C,Collector(s): Christopher J. Conroy,1,,Embryo,,,,PRESENT,embryo (95% ethanol),,,,,collector number=1611-C,"saved in 70% EtOH for DNA in the field, but changed to 95% EtOH 27 Feb 2009.",http://arctos.database.museum/guid/MVZ:Mamm:216027,,,,,"[{""scientific_name"":""Microtus californicus sanctidiegi"",""nature_of_id"":""features"",""accepted_id_fg"":1,""made_date"":null,""short_citation"":null,""publication_id"":null,""identification_remarks"":""Former nature_of_id: field."",""idby"":""Christopher J. Conroy"",""conce",,,,,,00:00.0,4/1/05,,91,2005,4,1,1-Apr-05,,,,,,"North America, United States, California, Santa Barbara County",NORTH_AMERICA,,US,California,Santa Barbara County,,"Coal Oil Point Reserve, UC Santa Barbara","Coal Oil Pt. Reserve, UCSB, Goleta, Santa Barbara Co., CA",,,,,Christopher J. Conroy,,34.4153,-119.88046,110,decimal degrees,,Christopher J. Conroy,4/20/05 0:00,MaNIS georeferencing guidelines,GPS,unverified,,A,,Christopher J. Conroy,,,features,Former nature_of_id: field.,,,"Microtus californicus sanctidiegi Kellogg, 1918",,,,,,,"Animalia, Chordata, Mammalia, Rodentia, Myomorpha, Cricetidae, Arvicolinae, Microtus, Microtus californicus,",Animalia,Chordata,Mammalia,Rodentia,Cricetidae,Microtus,californicus,sanctidiegi,SUBSPECIES,,ICZN,SYNONYM,,,0daed095-478a-4af6-abf5-18acb790fbb2,US,49:46.2,,,,,OCCURRENCE_STATUS_INFERRED_FROM_INDIVIDUAL_COUNT;INSTITUTION_MATCH_FUZZY;INSTITUTION_COLLECTION_MISMATCH,,TRUE,FALSE,8954817,2438603,1,44,359,1459,3240723,2438591,,2438603,Microtus californicus,Microtus,"Microtus californicus (Peale, 1848)",Microtus californicus sanctidiegi,,DWC_ARCHIVE,49:46.2,45:22.3,FALSE,USA,United States,USA.5_1,California,USA.5.42_1,Santa Barbara
1065426148,,http://vertnet.org/resources/norms.html,fa5a601a-2dfe-4672-a92b-5843d57ac4f9,en,CC0_1_0,00:00.0,http://portal.vertnet.org/o/lacm/mammals?id=fa5a601a-2dfe-4672-a92b-5843d57ac4f9,,PhysicalObject,http://biocol.org/urn:lsid:biocol:org:34802,http://biocol.org/urn:lsid:biocol:org:34897,,LACM,Mammals,LACM Vertebrates,,PRESERVED_SPECIMEN,,"{""measurements"":""140-70-15-15"",""weightInGrams"":""11.1"" }",fa5a601a-2dfe-4672-a92b-5843d57ac4f9,89108,PWC 724,"Collins, P W",,MALE,,"T=7 x 4 mm, abdom.",,NATIVE,PRESENT,"Skin, skull and body skeleton, Tissue 0937",,,,,LAF 937,,,,,,,,,,,,,00:00.0,,105,105,1988,4,14,14-Apr-88,,,,,,| United States | California | Santa Barbara Co |  |  |  |,NORTH_AMERICA,,US,California,Santa Barbara,,"Devereux Slough, NE arm adjacent Horse Corrals, Coal Oil Pt Reserve","United States | California | Santa Barbara Co | Devereux Slough, NE arm adjacent Horse Corrals, Coal Oil Pt Reserve",,,,,,,34.40896577,-119.8787389,762,decimal degrees,,Thuy T. Tran (MVZ),,,"Terrain Navigator 3.02 USGS 1:100,000",requires verification,,,,,,,,,,,"Reithrodontomys megalotis (Baird, 1857)",,,,,,,Rodentia | Cricetidae | Reithrodontomys,Animalia,Chordata,Mammalia,Rodentia,Cricetidae,Reithrodontomys,megalotis,,SPECIES,,ICZN,ACCEPTED,,,7a25f7aa-03fb-4322-aaeb-66719e1a9527,US,21:27.7,,,,,COORDINATE_ROUNDED;COORDINATE_REPROJECTED;INSTITUTION_MATCH_FUZZY;COLLECTION_MATCH_FUZZY,,TRUE,FALSE,2437874,2437874,1,44,359,1459,3240723,2437854,,2437874,Reithrodontomys megalotis,Reithrodontomys,"Reithrodontomys megalotis (Baird, 1857)",Reithrodontomys megalotis,,DWC_ARCHIVE,21:27.7,25:04.5,FALSE,USA,United States,USA.5_1,California,USA.5.42_1,Santa Barbara
1065424874,,http://vertnet.org/resources/norms.html,f6d99e21-d7da-4d80-9c84-d9a1569088c9,en,CC0_1_0,00:00.0,http://portal.vertnet.org/o/lacm/mammals?id=f6d99e21-d7da-4d80-9c84-d9a1569088c9,,PhysicalObject,http://biocol.org/urn:lsid:biocol:org:34802,http://biocol.org/urn:lsid:biocol:org:34897,,LACM,Mammals,LACM Vertebrates,,PRESERVED_SPECIMEN,,"{""measurements"":""141-70-15-15"",""weightInGrams"":""9.2"" }",f6d99e21-d7da-4d80-9c84-d9a1569088c9,89104,PWC 720,"Collins, P W",,MALE,,"T=8 x 5 mm, abdom.",,NATIVE,PRESENT,"Skin, skull and body skeleton, Tissue 0933",,,,,LAF 933,,,,,,,,,,,,,00:00.0,,105,105,1988,4,14,14-Apr-88,,,,,,| United States | California | Santa Barbara Co |  |  |  |,NORTH_AMERICA,,US,California,Santa Barbara,,"Devereux Slough, NE arm adjacent Horse Corrals, Coal Oil Pt Reserve","United States | California | Santa Barbara Co | Devereux Slough, NE arm adjacent Horse Corrals, Coal Oil Pt Reserve",,,,,,,34.40896577,-119.8787389,762,decimal degrees,,Thuy T. Tran (MVZ),,,"Terrain Navigator 3.02 USGS 1:100,000",requires verification,,,,,,,,,,,"Reithrodontomys megalotis (Baird, 1857)",,,,,,,Rodentia | Cricetidae | Reithrodontomys,Animalia,Chordata,Mammalia,Rodentia,Cricetidae,Reithrodontomys,megalotis,,SPECIES,,ICZN,ACCEPTED,,,7a25f7aa-03fb-4322-aaeb-66719e1a9527,US,21:18.5,,,,,COORDINATE_ROUNDED;COORDINATE_REPROJECTED;INSTITUTION_MATCH_FUZZY;COLLECTION_MATCH_FUZZY,,TRUE,FALSE,2437874,2437874,1,44,359,1459,3240723,2437854,,2437874,Reithrodontomys megalotis,Reithrodontomys,"Reithrodontomys megalotis (Baird, 1857)",Reithrodontomys megalotis,,DWC_ARCHIVE,21:18.5,25:04.5,FALSE,USA,United States,USA.5_1,California,USA.5.42_1,Santa Barbara
1065421495,,http://vertnet.org/resources/norms.html,ee17c3d1-eb85-4a39-b112-104e4856b7aa,en,CC0_1_0,00:00.0,http://portal.vertnet.org/o/lacm/mammals?id=ee17c3d1-eb85-4a39-b112-104e4856b7aa,,PhysicalObject,http://biocol.org/urn:lsid:biocol:org:34802,http://biocol.org/urn:lsid:biocol:org:34897,,LACM,Mammals,LACM Vertebrates,,PRESERVED_SPECIMEN,,"{""measurements"":""132-66-15-14"",""weightInGrams"":""9.0"" }",ee17c3d1-eb85-4a39-b112-104e4856b7aa,89107,PWC 723,"Collins, P W",,MALE,,"T=8 x 4 mm, abdom.",,NATIVE,PRESENT,"Skin, skull and body skeleton, Tissue 0936",,,,,LAF 936,,,,,,,,,,,,,00:00.0,,105,105,1988,4,14,14-Apr-88,,,,,,| United States | California | Santa Barbara Co |  |  |  |,NORTH_AMERICA,,US,California,Santa Barbara,,"Devereux Slough, NE arm adjacent Horse Corrals, Coal Oil Pt Reserve","United States | California | Santa Barbara Co | Devereux Slough, NE arm adjacent Horse Corrals, Coal Oil Pt Reserve",,,,,,,34.40896577,-119.8787389,762,decimal degrees,,Thuy T. Tran (MVZ),,,"Terrain Navigator 3.02 USGS 1:100,000",requires verification,,,,,,,,,,,"Reithrodontomys megalotis (Baird, 1857)",,,,,,,Rodentia | Cricetidae | Reithrodontomys,Animalia,Chordata,Mammalia,Rodentia,Cricetidae,Reithrodontomys,megalotis,,SPECIES,,ICZN,ACCEPTED,,,7a25f7aa-03fb-4322-aaeb-66719e1a9527,US,21:29.5,,,,,COORDINATE_ROUNDED;COORDINATE_REPROJECTED;INSTITUTION_MATCH_FUZZY;COLLECTION_MATCH_FUZZY,,TRUE,FALSE,2437874,2437874,1,44,359,1459,3240723,2437854,,2437874,Reithrodontomys megalotis,Reithrodontomys,"Reithrodontomys megalotis (Baird, 1857)",Reithrodontomys megalotis,,DWC_ARCHIVE,21:29.5,25:04.5,FALSE,USA,United States,USA.5_1,California,USA.5.42_1,Santa Barbara
1065400200,,http://vertnet.org/resources/norms.html,b5ebf8bb-b568-4fea-b47b-7b4a609225ff,en,CC0_1_0,00:00.0,http://portal.vertnet.org/o/lacm/mammals?id=b5ebf8bb-b568-4fea-b47b-7b4a609225ff,,PhysicalObject,http://biocol.org/urn:lsid:biocol:org:34802,http://biocol.org/urn:lsid:biocol:org:34897,,LACM,Mammals,LACM Vertebrates,,PRESERVED_SPECIMEN,,,b5ebf8bb-b568-4fea-b47b-7b4a609225ff,86039,GDF 50,"Miller, J",,FEMALE,,,,NATIVE,PRESENT,skeleton,,,,,A690401-1,"Collected on Signal Oil Co property, on beach",,,,,,,,,,,,00:00.0,,91,91,1969,4,1,1-Apr-69,,,,,,| United States | California | Santa Barbara Co |  |  |  |,NORTH_AMERICA,,US,California,Santa Barbara,,20 mi W Santa Barbara,United States | California | Santa Barbara Co | 20 mi W Santa Barbara,,,,,,,34.41445358,-119.8839621,4828,decimal degrees,,Thuy T. Tran (MVZ),,,"Terrain Navigator 3.02 USGS 1:100,000",requires verification,,,,,,,,,,,"Phoca vitulina Linnaeus, 1758",,,,,,,Carnivora | Phocidae | Phoca,Animalia,Chordata,Mammalia,Carnivora,Phocidae,Phoca,vitulina,,SPECIES,,ICZN,ACCEPTED,,,7a25f7aa-03fb-4322-aaeb-66719e1a9527,US,21:27.8,,,,,COORDINATE_ROUNDED;COORDINATE_REPROJECTED;INSTITUTION_MATCH_FUZZY;COLLECTION_MATCH_FUZZY,,TRUE,FALSE,2434793,2434793,1,44,359,732,5310,2433485,,2434793,Phoca vitulina,Phoca,"Phoca vitulina Linnaeus, 1758",Phoca vitulina,,DWC_ARCHIVE,21:27.8,25:04.5,FALSE,USA,United States,USA.5_1,California,USA.5.42_1,Santa Barbara
1065366201,,http://vertnet.org/resources/norms.html,5bf9655d-a49c-43a6-98b0-4206d114a1da,en,CC0_1_0,00:00.0,http://portal.vertnet.org/o/lacm/mammals?id=5bf9655d-a49c-43a6-98b0-4206d114a1da,,PhysicalObject,http://biocol.org/urn:lsid:biocol:org:34802,http://biocol.org/urn:lsid:biocol:org:34897,,LACM,Mammals,LACM Vertebrates,,PRESERVED_SPECIMEN,,,5bf9655d-a49c-43a6-98b0-4206d114a1da,51395,GDF 51,"Miller, J",,,,,,NATIVE,PRESENT,skeleton,,,,,,skull and partial skeleton minus forelimbs,,,,,,,,,,,,00:00.0,,91,91,1969,4,1,1-Apr-69,,,,,,| United States | California | Santa Barbara Co |  |  |  |,NORTH_AMERICA,,US,California,Santa Barbara,,"Santa Barbara, ca. 20 mi W","United States | California | Santa Barbara Co | Santa Barbara, ca. 20 mi W",,,,,,,34.41445358,-119.8839621,4828,decimal degrees,,Thuy T. Tran (MVZ),,,"Terrain Navigator 3.02 USGS 1:100,000",requires verification,,,,,,,,,,,"Lagenorhynchus obliquidens Gill, 1865",,,,,,,Cetacea | Delphinidae | Lagenorhynchus,Animalia,Chordata,Mammalia,Cetacea,Delphinidae,Lagenorhynchus,obliquidens,,SPECIES,,ICZN,ACCEPTED,,,7a25f7aa-03fb-4322-aaeb-66719e1a9527,US,21:12.8,,,,,COORDINATE_ROUNDED;COORDINATE_REPROJECTED;INSTITUTION_MATCH_FUZZY;COLLECTION_MATCH_FUZZY,,TRUE,FALSE,5220069,5220069,1,44,359,733,5314,2440608,,5220069,Lagenorhynchus obliquidens,Lagenorhynchus,"Lagenorhynchus obliquidens Gill, 1865",Lagenorhynchus obliquidens,,DWC_ARCHIVE,21:12.8,25:04.5,FALSE,USA,United States,USA.5_1,California,USA.5.42_1,Santa Barbara
1065358716,,http://vertnet.org/resources/norms.html,48408996-46ea-4cec-b708-4e7dc20182fe,en,CC0_1_0,00:00.0,http://portal.vertnet.org/o/lacm/mammals?id=48408996-46ea-4cec-b708-4e7dc20182fe,,PhysicalObject,http://biocol.org/urn:lsid:biocol:org:34802,http://biocol.org/urn:lsid:biocol:org:34897,,LACM,Mammals,LACM Vertebrates,,PRESERVED_SPECIMEN,,"{""measurements"":""146-76-16-15"",""weightInGrams"":""10.0"" }",48408996-46ea-4cec-b708-4e7dc20182fe,89106,PWC 722,"Collins, P W",,MALE,,"T=7 x 6 mm, abdom.",,NATIVE,PRESENT,"Skin, skull and body skeleton, Tissue 0935",,,,,LAF 935,,,,,,,,,,,,,00:00.0,,105,105,1988,4,14,14-Apr-88,,,,,,| United States | California | Santa Barbara Co |  |  |  |,NORTH_AMERICA,,US,California,Santa Barbara,,"Devereux Slough, NE arm adjacent Horse Corrals, Coal Oil Pt Reserve","United States | California | Santa Barbara Co | Devereux Slough, NE arm adjacent Horse Corrals, Coal Oil Pt Reserve",,,,,,,34.40896577,-119.8787389,762,decimal degrees,,Thuy T. Tran (MVZ),,,"Terrain Navigator 3.02 USGS 1:100,000",requires verification,,,,,,,,,,,"Reithrodontomys megalotis (Baird, 1857)",,,,,,,Rodentia | Cricetidae | Reithrodontomys,Animalia,Chordata,Mammalia,Rodentia,Cricetidae,Reithrodontomys,megalotis,,SPECIES,,ICZN,ACCEPTED,,,7a25f7aa-03fb-4322-aaeb-66719e1a9527,US,21:12.1,,,,,COORDINATE_ROUNDED;COORDINATE_REPROJECTED;INSTITUTION_MATCH_FUZZY;COLLECTION_MATCH_FUZZY,,TRUE,FALSE,2437874,2437874,1,44,359,1459,3240723,2437854,,2437874,Reithrodontomys megalotis,Reithrodontomys,"Reithrodontomys megalotis (Baird, 1857)",Reithrodontomys megalotis,,DWC_ARCHIVE,21:12.1,25:04.5,FALSE,USA,United States,USA.5_1,California,USA.5.42_1,Santa Barbara
1065350217,,http://vertnet.org/resources/norms.html,32734400-c4c3-411a-a9b5-5f048b455f93,en,CC0_1_0,00:00.0,http://portal.vertnet.org/o/lacm/mammals?id=32734400-c4c3-411a-a9b5-5f048b455f93,,PhysicalObject,http://biocol.org/urn:lsid:biocol:org:34802,http://biocol.org/urn:lsid:biocol:org:34897,,LACM,Mammals,LACM Vertebrates,,PRESERVED_SPECIMEN,,"{""measurements"":""147-78-16-15"",""weightInGrams"":""11.2"" }",32734400-c4c3-411a-a9b5-5f048b455f93,89105,PWC 721,"Collins, P W",,MALE,,"T=7.5 x 4 mm, ing.",,NATIVE,PRESENT,"Skin, skull and body skeleton, Tissue 0934",,,,,LAF 934,,,,,,,,,,,,,00:00.0,,105,105,1988,4,14,14-Apr-88,,,,,,| United States | California | Santa Barbara Co |  |  |  |,NORTH_AMERICA,,US,California,Santa Barbara,,"Devereux Slough, NE arm adjacent Horse Corrals, Coal Oil Pt Reserve","United States | California | Santa Barbara Co | Devereux Slough, NE arm adjacent Horse Corrals, Coal Oil Pt Reserve",,,,,,,34.40896577,-119.8787389,762,decimal degrees,,Thuy T. Tran (MVZ),,,"Terrain Navigator 3.02 USGS 1:100,000",requires verification,,,,,,,,,,,"Reithrodontomys megalotis (Baird, 1857)",,,,,,,Rodentia | Cricetidae | Reithrodontomys,Animalia,Chordata,Mammalia,Rodentia,Cricetidae,Reithrodontomys,megalotis,,SPECIES,,ICZN,ACCEPTED,,,7a25f7aa-03fb-4322-aaeb-66719e1a9527,US,21:11.3,,,,,COORDINATE_ROUNDED;COORDINATE_REPROJECTED;INSTITUTION_MATCH_FUZZY;COLLECTION_MATCH_FUZZY,,TRUE,FALSE,2437874,2437874,1,44,359,1459,3240723,2437854,,2437874,Reithrodontomys megalotis,Reithrodontomys,"Reithrodontomys megalotis (Baird, 1857)",Reithrodontomys megalotis,,DWC_ARCHIVE,21:11.3,25:04.5,FALSE,USA,United States,USA.5_1,California,USA.5.42_1,Santa Barbara
735675052,,,urn:catalog:SBMNH:OS:2299,en,CC0_1_0,00:00.0,,,PhysicalObject,urn:lsid:biocol.org:col:34834,,,SBMNH,OS,,,PRESERVED_SPECIMEN,,,urn:catalog:SBMNH:OS:2299,2299,,,1,,,,,NATIVE,PRESENT,,,,,,,,,,,,,,,,,,,00:00.0,,224,224,1980,8,12,,,,,,,North America;United States;California;Santa Barbara County;;;;,NORTH_AMERICA,,US,California,Santa Barbara,,Goleta; 1/2 mi W of Coal Oil Point,North America; United States; California; Santa Barbara County; ; ; ;,,,,,,,34.412778,-119.883611,,,,,,,,requires verification,,,,,,,,,,,"Zalophus californianus (Lesson, 1828)",,,,,,,Animalia:Chordata:Mammalia:Carnivora:Otariidae:Zalophus,Animalia,Chordata,Mammalia,Carnivora,Otariidae,Zalophus,californianus,,SPECIES,,ICZN,ACCEPTED,,,75018539-6328-41de-b875-7c2e61dc1635,US,13:22.9,,,,,COORDINATE_ROUNDED;INSTITUTION_COLLECTION_MISMATCH,,TRUE,FALSE,2433458,2433458,1,44,359,732,5309,2433457,,2433458,Zalophus californianus,Zalophus,"Zalophus californianus (Lesson, 1828)",Zalophus californianus,,DWC_ARCHIVE,13:22.9,29:08.4,FALSE,USA,United States,USA.5_1,California,USA.5.42_1,Santa Barbara
735673557,,,urn:catalog:SBMNH:OS:1925,en,CC0_1_0,00:00.0,,,PhysicalObject,urn:lsid:biocol.org:col:34834,,,SBMNH,OS,,,PRESERVED_SPECIMEN,,,urn:catalog:SBMNH:OS:1925,1925,,,1,,,,,NATIVE,PRESENT,,,,,,,,,,,,,,,,,,,00:00.0,,76,76,1978,3,17,,,,,,,North America;United States;California;Santa Barbara County;;;;,NORTH_AMERICA,,US,California,Santa Barbara,,Devereux Slough,North America; United States; California; Santa Barbara County; ; ; ;,,,,,,,34.414166,-119.875275,,,,,,,,requires verification,,,,,,,,,,,"Phoca vitulina Linnaeus, 1758",,,,,,,Animalia:Chordata:Mammalia:Carnivora:Phocidae:Phoca,Animalia,Chordata,Mammalia,Carnivora,Phocidae,Phoca,vitulina,,SPECIES,,ICZN,ACCEPTED,,,75018539-6328-41de-b875-7c2e61dc1635,US,13:22.0,,,,,COORDINATE_ROUNDED;INSTITUTION_COLLECTION_MISMATCH,,TRUE,FALSE,2434793,2434793,1,44,359,732,5310,2433485,,2434793,Phoca vitulina,Phoca,"Phoca vitulina Linnaeus, 1758",Phoca vitulina,,DWC_ARCHIVE,13:22.0,29:08.4,FALSE,USA,United States,USA.5_1,California,USA.5.42_1,Santa Barbara
735673243,,,urn:catalog:SBMNH:OS:2292,en,CC0_1_0,00:00.0,,,PhysicalObject,urn:lsid:biocol.org:col:34834,,,SBMNH,OS,,,PRESERVED_SPECIMEN,,,urn:catalog:SBMNH:OS:2292,2292,,,1,,,,,NATIVE,PRESENT,,,,,,,,,,,,,,,,,,,00:00.0,,255,255,1980,9,12,,,,,,,North America;United States;California;Santa Barbara County;;;;,NORTH_AMERICA,,US,California,Santa Barbara,,Goleta; 50 yds E of Coal Oil Point,North America; United States; California; Santa Barbara County; ; ; ;,,,,,,,34.4075,-119.8775,,,,,,,,requires verification,,,,,,,,,,,"Zalophus californianus (Lesson, 1828)",,,,,,,Animalia:Chordata:Mammalia:Carnivora:Otariidae:Zalophus,Animalia,Chordata,Mammalia,Carnivora,Otariidae,Zalophus,californianus,,SPECIES,,ICZN,ACCEPTED,,,75018539-6328-41de-b875-7c2e61dc1635,US,13:23.6,,,,,INSTITUTION_COLLECTION_MISMATCH,,TRUE,FALSE,2433458,2433458,1,44,359,732,5309,2433457,,2433458,Zalophus californianus,Zalophus,"Zalophus californianus (Lesson, 1828)",Zalophus californianus,,DWC_ARCHIVE,13:23.6,29:08.4,FALSE,USA,United States,USA.5_1,California,USA.5.42_1,Santa Barbara
735673168,,,urn:catalog:SBMNH:MAM:2863,en,CC0_1_0,00:00.0,,,PhysicalObject,urn:lsid:biocol.org:col:34834,,,SBMNH,MAM,,,PRESERVED_SPECIMEN,,,urn:catalog:SBMNH:MAM:2863,2863,,,1,,,,,NATIVE,PRESENT,,,,,,,,,,,,,,,,,,,00:00.0,,104,104,1988,4,14,,,,,,,North America;United States;California;Santa Barbara County;;;;,NORTH_AMERICA,,US,California,Santa Barbara,,Devereux Slough; NW Corner,North America; United States; California; Santa Barbara County; ; ; ;,,,,,,,34.416667,-119.875556,,,,,,,,requires verification,,,,,,,,,,,"Reithrodontomys megalotis (Baird, 1857)",,,,,,,Animalia:Chordata:Mammalia:Rodentia:Cricetidae:Reithrodontomys,Animalia,Chordata,Mammalia,Rodentia,Cricetidae,Reithrodontomys,megalotis,,SPECIES,,ICZN,ACCEPTED,,,75018539-6328-41de-b875-7c2e61dc1635,US,13:23.7,,,,,COORDINATE_ROUNDED;COLLECTION_MATCH_FUZZY,,TRUE,FALSE,2437874,2437874,1,44,359,1459,3240723,2437854,,2437874,Reithrodontomys megalotis,Reithrodontomys,"Reithrodontomys megalotis (Baird, 1857)",Reithrodontomys megalotis,,DWC_ARCHIVE,13:23.7,29:08.4,FALSE,USA,United States,USA.5_1,California,USA.5.42_1,Santa Barbara
735672666,,,urn:catalog:SBMNH:MAM:2665,en,CC0_1_0,00:00.0,,,PhysicalObject,urn:lsid:biocol.org:col:34834,,,SBMNH,MAM,,,PRESERVED_SPECIMEN,,,urn:catalog:SBMNH:MAM:2665,2665,,,1,,,,,NATIVE,PRESENT,,,,,,,,,,,,,,,,,,,00:00.0,,104,104,1988,4,14,,,,,,,North America;United States;California;Santa Barbara County;;;;,NORTH_AMERICA,,US,California,Santa Barbara,,Devereux Slough; NE arm adjacent horse pasture,North America; United States; California; Santa Barbara County; ; ; ;,,,,,,,34.417222,-119.872778,,,,,,,,requires verification,,,,,,,,,,,"Mus musculus Linnaeus, 1758",,,,,,,Animalia:Chordata:Mammalia:Rodentia:Muridae:Mus,Animalia,Chordata,Mammalia,Rodentia,Muridae,Mus,musculus,,SPECIES,,ICZN,ACCEPTED,,,75018539-6328-41de-b875-7c2e61dc1635,US,13:24.8,,,,,COORDINATE_ROUNDED;COLLECTION_MATCH_FUZZY,,TRUE,FALSE,7429082,7429082,1,44,359,1459,5510,9800657,,7429082,Mus musculus,Mus,"Mus musculus Linnaeus, 1758",Mus musculus,,DWC_ARCHIVE,13:24.8,29:08.4,FALSE,USA,United States,USA.5_1,California,USA.5.42_1,Santa Barbara
735671538,,,urn:catalog:SBMNH:MAM:2662,en,CC0_1_0,00:00.0,,,PhysicalObject,urn:lsid:biocol.org:col:34834,,,SBMNH,MAM,,,PRESERVED_SPECIMEN,,,urn:catalog:SBMNH:MAM:2662,2662,,,1,,,,,NATIVE,PRESENT,,,,,,,,,,,,,,,,,,,00:00.0,,104,104,1988,4,14,,,,,,,North America;United States;California;Santa Barbara County;;;;,NORTH_AMERICA,,US,California,Santa Barbara,,Devereux Slough; NW corner on alluvial fan,North America; United States; California; Santa Barbara County; ; ; ;,,,,,,,34.416667,-119.875556,,,,,,,,requires verification,,,,,,,,,,,"Mus musculus Linnaeus, 1758",,,,,,,Animalia:Chordata:Mammalia:Rodentia:Muridae:Mus,Animalia,Chordata,Mammalia,Rodentia,Muridae,Mus,musculus,,SPECIES,,ICZN,ACCEPTED,,,75018539-6328-41de-b875-7c2e61dc1635,US,13:21.6,,,,,COORDINATE_ROUNDED;COLLECTION_MATCH_FUZZY,,TRUE,FALSE,7429082,7429082,1,44,359,1459,5510,9800657,,7429082,Mus musculus,Mus,"Mus musculus Linnaeus, 1758",Mus musculus,,DWC_ARCHIVE,13:21.6,29:08.4,FALSE,USA,United States,USA.5_1,California,USA.5.42_1,Santa Barbara
735669969,,,urn:catalog:SBMNH:MAM:2860,en,CC0_1_0,00:00.0,,,PhysicalObject,urn:lsid:biocol.org:col:34834,,,SBMNH,MAM,,,PRESERVED_SPECIMEN,,,urn:catalog:SBMNH:MAM:2860,2860,,,1,,,,,NATIVE,PRESENT,,,,,,,,,,,,,,,,,,,00:00.0,,104,104,1988,4,14,,,,,,,North America;United States;California;Santa Barbara County;;;;,NORTH_AMERICA,,US,California,Santa Barbara,,Devereux Slough; E arm near Baseball Field,North America; United States; California; Santa Barbara County; ; ; ;,,,,,,,34.414167,-119.873611,,,,,,,,requires verification,,,,,,,,,,,"Reithrodontomys megalotis (Baird, 1857)",,,,,,,Animalia:Chordata:Mammalia:Rodentia:Cricetidae:Reithrodontomys,Animalia,Chordata,Mammalia,Rodentia,Cricetidae,Reithrodontomys,megalotis,,SPECIES,,ICZN,ACCEPTED,,,75018539-6328-41de-b875-7c2e61dc1635,US,13:25.5,,,,,COORDINATE_ROUNDED;COLLECTION_MATCH_FUZZY,,TRUE,FALSE,2437874,2437874,1,44,359,1459,3240723,2437854,,2437874,Reithrodontomys megalotis,Reithrodontomys,"Reithrodontomys megalotis (Baird, 1857)",Reithrodontomys megalotis,,DWC_ARCHIVE,13:25.5,29:08.4,FALSE,USA,United States,USA.5_1,California,USA.5.42_1,Santa Barbara
735668757,,,urn:catalog:SBMNH:MAM:2861,en,CC0_1_0,00:00.0,,,PhysicalObject,urn:lsid:biocol.org:col:34834,,,SBMNH,MAM,,,PRESERVED_SPECIMEN,,,urn:catalog:SBMNH:MAM:2861,2861,,,1,,,,,NATIVE,PRESENT,,,,,,,,,,,,,,,,,,,00:00.0,,104,104,1988,4,14,,,,,,,North America;United States;California;Santa Barbara County;;;;,NORTH_AMERICA,,US,California,Santa Barbara,,Devereux Slough; E arm near Baseball Field,North America; United States; California; Santa Barbara County; ; ; ;,,,,,,,34.414167,-119.873611,,,,,,,,requires verification,,,,,,,,,,,"Reithrodontomys megalotis (Baird, 1857)",,,,,,,Animalia:Chordata:Mammalia:Rodentia:Cricetidae:Reithrodontomys,Animalia,Chordata,Mammalia,Rodentia,Cricetidae,Reithrodontomys,megalotis,,SPECIES,,ICZN,ACCEPTED,,,75018539-6328-41de-b875-7c2e61dc1635,US,13:22.2,,,,,COORDINATE_ROUNDED;COLLECTION_MATCH_FUZZY,,TRUE,FALSE,2437874,2437874,1,44,359,1459,3240723,2437854,,2437874,Reithrodontomys megalotis,Reithrodontomys,"Reithrodontomys megalotis (Baird, 1857)",Reithrodontomys megalotis,,DWC_ARCHIVE,13:22.2,29:08.4,FALSE,USA,United States,USA.5_1,California,USA.5.42_1,Santa Barbara
735668683,,,urn:catalog:SBMNH:MAM:2664,en,CC0_1_0,00:00.0,,,PhysicalObject,urn:lsid:biocol.org:col:34834,,,SBMNH,MAM,,,PRESERVED_SPECIMEN,,,urn:catalog:SBMNH:MAM:2664,2664,,,1,,,,,NATIVE,PRESENT,,,,,,,,,,,,,,,,,,,00:00.0,,104,104,1988,4,14,,,,,,,North America;United States;California;Santa Barbara County;;;;,NORTH_AMERICA,,US,California,Santa Barbara,,Devereux Slough; NW corner on alluvial fan,North America; United States; California; Santa Barbara County; ; ; ;,,,,,,,34.416667,-119.875556,,,,,,,,requires verification,,,,,,,,,,,"Microtus californicus sanctidiegi Kellogg, 1918",,,,,,,Animalia:Chordata:Mammalia:Rodentia:Cricetidae:Microtus,Animalia,Chordata,Mammalia,Rodentia,Cricetidae,Microtus,californicus,sanctidiegi,SUBSPECIES,,ICZN,SYNONYM,,,75018539-6328-41de-b875-7c2e61dc1635,US,13:22.2,,,,,COORDINATE_ROUNDED;COLLECTION_MATCH_FUZZY,,TRUE,FALSE,8954817,2438603,1,44,359,1459,3240723,2438591,,2438603,Microtus californicus,Microtus,"Microtus californicus (Peale, 1848)",Microtus californicus sanctidiegi,,DWC_ARCHIVE,13:22.2,29:08.4,FALSE,USA,United States,USA.5_1,California,USA.5.42_1,Santa Barbara
735668546,,,urn:catalog:SBMNH:MAM:2862,en,CC0_1_0,00:00.0,,,PhysicalObject,urn:lsid:biocol.org:col:34834,,,SBMNH,MAM,,,PRESERVED_SPECIMEN,,,urn:catalog:SBMNH:MAM:2862,2862,,,1,,,,,NATIVE,PRESENT,,,,,,,,,,,,,,,,,,,00:00.0,,104,104,1988,4,14,,,,,,,North America;United States;California;Santa Barbara County;;;;,NORTH_AMERICA,,US,California,Santa Barbara,,Devereux Slough; NE Corner,North America; United States; California; Santa Barbara County; ; ; ;,,,,,,,34.417222,-119.872778,,,,,,,,requires verification,,,,,,,,,,,"Reithrodontomys megalotis (Baird, 1857)",,,,,,,Animalia:Chordata:Mammalia:Rodentia:Cricetidae:Reithrodontomys,Animalia,Chordata,Mammalia,Rodentia,Cricetidae,Reithrodontomys,megalotis,,SPECIES,,ICZN,ACCEPTED,,,75018539-6328-41de-b875-7c2e61dc1635,US,13:22.3,,,,,COORDINATE_ROUNDED;COLLECTION_MATCH_FUZZY,,TRUE,FALSE,2437874,2437874,1,44,359,1459,3240723,2437854,,2437874,Reithrodontomys megalotis,Reithrodontomys,"Reithrodontomys megalotis (Baird, 1857)",Reithrodontomys megalotis,,DWC_ARCHIVE,13:22.3,29:08.4,FALSE,USA,United States,USA.5_1,California,USA.5.42_1,Santa Barbara
735668446,,,urn:catalog:SBMNH:OS:2579,en,CC0_1_0,00:00.0,,,PhysicalObject,urn:lsid:biocol.org:col:34834,,,SBMNH,OS,,,PRESERVED_SPECIMEN,,,urn:catalog:SBMNH:OS:2579,2579,,,1,,,,,NATIVE,PRESENT,,,,,,,,,,,,,,,,,,,00:00.0,,97,97,1982,4,7,,,,,,,North America;United States;California;Santa Barbara County;;;;,NORTH_AMERICA,,US,California,Santa Barbara,,Goleta; 1/2 mi W of Coal Oil Point,North America; United States; California; Santa Barbara County; ; ; ;,,,,,,,34.412778,-119.883611,,,,,,,,requires verification,,,,,,,,,,,"Delphinus capensis Gray, 1828",,,,,,,Animalia:Chordata:Mammalia:Cetacea:Delphinidae:Delphinus,Animalia,Chordata,Mammalia,Cetacea,Delphinidae,Delphinus,capensis,,SPECIES,,ICZN,ACCEPTED,,,75018539-6328-41de-b875-7c2e61dc1635,US,13:22.3,,,,,COORDINATE_ROUNDED;INSTITUTION_COLLECTION_MISMATCH,,TRUE,FALSE,2440647,2440647,1,44,359,733,5314,2440326,,2440647,Delphinus capensis,Delphinus,"Delphinus capensis Gray, 1828",Delphinus capensis,,DWC_ARCHIVE,13:22.3,29:08.4,FALSE,USA,United States,USA.5_1,California,USA.5.42_1,Santa Barbara
735666270,,,urn:catalog:SBMNH:OS:1208,en,CC0_1_0,00:00.0,,,PhysicalObject,urn:lsid:biocol.org:col:34834,,,SBMNH,OS,,,PRESERVED_SPECIMEN,,,urn:catalog:SBMNH:OS:1208,1208,,,1,,,,,NATIVE,PRESENT,,,,,,,,,,,,,,,,,,,00:00.0,,12,12,1977,1,12,,,,,,,North America;United States;California;Santa Barbara County;;;;,NORTH_AMERICA,,US,California,Santa Barbara,,Devereux Slough; Mouth of Slough,North America; United States; California; Santa Barbara County; ; ; ;,,,,,,,34.41,-119.88,,,,,,,,requires verification,,,,,,,,,,,"Phoca vitulina Linnaeus, 1758",,,,,,,Animalia:Chordata:Mammalia:Carnivora:Phocidae:Phoca,Animalia,Chordata,Mammalia,Carnivora,Phocidae,Phoca,vitulina,,SPECIES,,ICZN,ACCEPTED,,,75018539-6328-41de-b875-7c2e61dc1635,US,13:26.6,,,,,INSTITUTION_COLLECTION_MISMATCH,,TRUE,FALSE,2434793,2434793,1,44,359,732,5310,2433485,,2434793,Phoca vitulina,Phoca,"Phoca vitulina Linnaeus, 1758",Phoca vitulina,,DWC_ARCHIVE,13:26.6,29:08.4,FALSE,USA,United States,USA.5_1,California,USA.5.42_1,Santa Barbara
735665592,,,urn:catalog:SBMNH:MAM:2663,en,CC0_1_0,00:00.0,,,PhysicalObject,urn:lsid:biocol.org:col:34834,,,SBMNH,MAM,,,PRESERVED_SPECIMEN,,,urn:catalog:SBMNH:MAM:2663,2663,,,1,,,,,NATIVE,PRESENT,,,,,,,,,,,,,,,,,,,00:00.0,,104,104,1988,4,14,,,,,,,North America;United States;California;Santa Barbara County;;;;,NORTH_AMERICA,,US,California,Santa Barbara,,Devereux Slough; NW corner on alluvial fan,North America; United States; California; Santa Barbara County; ; ; ;,,,,,,,34.416667,-119.875556,,,,,,,,requires verification,,,,,,,,,,,"Mus musculus Linnaeus, 1758",,,,,,,Animalia:Chordata:Mammalia:Rodentia:Muridae:Mus,Animalia,Chordata,Mammalia,Rodentia,Muridae,Mus,musculus,,SPECIES,,ICZN,ACCEPTED,,,75018539-6328-41de-b875-7c2e61dc1635,US,13:23.0,,,,,COORDINATE_ROUNDED;COLLECTION_MATCH_FUZZY,,TRUE,FALSE,7429082,7429082,1,44,359,1459,5510,9800657,,7429082,Mus musculus,Mus,"Mus musculus Linnaeus, 1758",Mus musculus,,DWC_ARCHIVE,13:23.0,29:08.4,FALSE,USA,United States,USA.5_1,California,USA.5.42_1,Santa Barbara
735665440,,,urn:catalog:SBMNH:OS:1353,en,CC0_1_0,00:00.0,,,PhysicalObject,urn:lsid:biocol.org:col:34834,,,SBMNH,OS,,,PRESERVED_SPECIMEN,,,urn:catalog:SBMNH:OS:1353,1353,,,1,,,,,NATIVE,PRESENT,,,,,,,,,,,,,,,,,,,00:00.0,,24,24,1978,1,24,,,,,,,North America;United States;California;Santa Barbara County;;;;,NORTH_AMERICA,,US,California,Santa Barbara,,Goleta; Devereux Slough,North America; United States; California; Santa Barbara County; ; ; ;,,,,,,,34.41,-119.879167,,,,,,,,requires verification,,,,,,,,,,,"Zalophus californianus (Lesson, 1828)",,,,,,,Animalia:Chordata:Mammalia:Carnivora:Otariidae:Zalophus,Animalia,Chordata,Mammalia,Carnivora,Otariidae,Zalophus,californianus,,SPECIES,,ICZN,ACCEPTED,,,75018539-6328-41de-b875-7c2e61dc1635,US,13:23.0,,,,,COORDINATE_ROUNDED;INSTITUTION_COLLECTION_MISMATCH,,TRUE,FALSE,2433458,2433458,1,44,359,732,5309,2433457,,2433458,Zalophus californianus,Zalophus,"Zalophus californianus (Lesson, 1828)",Zalophus californianus,,DWC_ARCHIVE,13:23.0,29:08.4,FALSE,USA,United States,USA.5_1,California,USA.5.42_1,Santa Barbara
735664970,,,urn:catalog:SBMNH:MAM:2666,en,CC0_1_0,00:00.0,,,PhysicalObject,urn:lsid:biocol.org:col:34834,,,SBMNH,MAM,,,PRESERVED_SPECIMEN,,,urn:catalog:SBMNH:MAM:2666,2666,,,1,,,,,NATIVE,PRESENT,,,,,,,,,,,,,,,,,,,00:00.0,,104,104,1988,4,14,,,,,,,North America;United States;California;Santa Barbara County;;;;,NORTH_AMERICA,,US,California,Santa Barbara,,Devereux Slough; NE arm adjacent horse pasture,North America; United States; California; Santa Barbara County; ; ; ;,,,,,,,34.417222,-119.872778,,,,,,,,requires verification,,,,,,,,,,,"Mus musculus Linnaeus, 1758",,,,,,,Animalia:Chordata:Mammalia:Rodentia:Muridae:Mus,Animalia,Chordata,Mammalia,Rodentia,Muridae,Mus,musculus,,SPECIES,,ICZN,ACCEPTED,,,75018539-6328-41de-b875-7c2e61dc1635,US,13:26.9,,,,,COORDINATE_ROUNDED;COLLECTION_MATCH_FUZZY,,TRUE,FALSE,7429082,7429082,1,44,359,1459,5510,9800657,,7429082,Mus musculus,Mus,"Mus musculus Linnaeus, 1758",Mus musculus,,DWC_ARCHIVE,13:26.9,29:08.4,FALSE,USA,United States,USA.5_1,California,USA.5.42_1,Santa Barbara
735663898,,,urn:catalog:SBMNH:MAM:2864,en,CC0_1_0,00:00.0,,,PhysicalObject,urn:lsid:biocol.org:col:34834,,,SBMNH,MAM,,,PRESERVED_SPECIMEN,,,urn:catalog:SBMNH:MAM:2864,2864,,,1,,,,,NATIVE,PRESENT,,,,,,,,,,,,,,,,,,,00:00.0,,104,104,1988,4,14,,,,,,,North America;United States;California;Santa Barbara County;;;;,NORTH_AMERICA,,US,California,Santa Barbara,,Devereux Slough; NW corner on alluvial fan,North America; United States; California; Santa Barbara County; ; ; ;,,,,,,,34.416667,-119.875556,,,,,,,,requires verification,,,,,,,,,,,"Reithrodontomys megalotis (Baird, 1857)",,,,,,,Animalia:Chordata:Mammalia:Rodentia:Cricetidae:Reithrodontomys,Animalia,Chordata,Mammalia,Rodentia,Cricetidae,Reithrodontomys,megalotis,,SPECIES,,ICZN,ACCEPTED,,,75018539-6328-41de-b875-7c2e61dc1635,US,13:23.6,,,,,COORDINATE_ROUNDED;COLLECTION_MATCH_FUZZY,,TRUE,FALSE,2437874,2437874,1,44,359,1459,3240723,2437854,,2437874,Reithrodontomys megalotis,Reithrodontomys,"Reithrodontomys megalotis (Baird, 1857)",Reithrodontomys megalotis,,DWC_ARCHIVE,13:23.6,29:08.4,FALSE,USA,United States,USA.5_1,California,USA.5.42_1,Santa Barbara
735662811,,,urn:catalog:SBMNH:MAM:2719,en,CC0_1_0,00:00.0,,,PhysicalObject,urn:lsid:biocol.org:col:34834,,,SBMNH,MAM,,,PRESERVED_SPECIMEN,,,urn:catalog:SBMNH:MAM:2719,2719,,,1,,,,,NATIVE,PRESENT,,,,,,,,,,,,,,,,,,,00:00.0,,278,278,1987,10,5,,,,,,,North America;United States;California;Santa Barbara County;;;;,NORTH_AMERICA,,US,California,Santa Barbara,,Isla Vista; Devereux Rd. 1/4 mi W junction of Storke Rd. and El Colegio Rd.,North America; United States; California; Santa Barbara County; ; ; ;,,,,,,,34.415833,-119.873333,,,,,,,,requires verification,,,,,,,,,,,Sorex ornatus ornatus,,,,,,,Animalia:Chordata:Mammalia:Insectivora:Soricidae:Sorex,Animalia,Chordata,Mammalia,Soricomorpha,Soricidae,Sorex,ornatus,ornatus,SUBSPECIES,,ICZN,ACCEPTED,,,75018539-6328-41de-b875-7c2e61dc1635,US,13:25.1,,,,,COORDINATE_ROUNDED;COLLECTION_MATCH_FUZZY,,TRUE,FALSE,7059216,7059216,1,44,359,803,5534,2435935,,2436078,Sorex ornatus,Sorex,Sorex ornatus ornatus,Sorex ornatus ornatus,,DWC_ARCHIVE,13:25.1,29:08.4,FALSE,USA,United States,USA.5_1,California,USA.5.42_1,Santa Barbara
583520883,,,urn:catalog:CAS:MAM:23934,en,CC0_1_0,,,,PhysicalObject,,,,CAS,MAM,,,PRESERVED_SPECIMEN,,,urn:catalog:CAS:MAM:23934,23934,SO-2388-94,Marine Mammal Center,,MALE,Adult,,,,PRESENT,TISSUE; SSS; fur sample,,,,,,Complete skeleton and tanned skin (in cold room).,,,,,,,,,,,,00:00.0,,276,,1994,10,3,3-Oct-94,,,,,,North America; USA; California; Santa Barbara Co.,NORTH_AMERICA,,US,California,Santa Barbara Co.,,"Coal Oil Point, Devereaux Slough",,,,,,,,34.40896477,-119.8787309,1067,,,Thuy T. Tran,00:00.0,not recorded,"Terrain Navigator 3.02 USGS 1:100,000",unverified,,,,,,,,,,,"Enhydra lutris nereis (Merriam, 1904)",,,,,,,Animalia; Chordata; Mammalia; Carnivora; Mustelidae,Animalia,Chordata,Mammalia,Carnivora,Mustelidae,Enhydra,lutris,nereis,SUBSPECIES,,,ACCEPTED,,,6ce7290f-47f6-4046-8356-371f5b6749df,US,07:15.9,,,,,COORDINATE_REPROJECTED;AMBIGUOUS_INSTITUTION;AMBIGUOUS_COLLECTION,,TRUE,FALSE,6163936,6163936,1,44,359,732,5307,2433669,,2433670,Enhydra lutris,Enhydra,"Enhydra lutris nereis (Merriam, 1904)",Enhydra lutris nereis,,DWC_ARCHIVE,07:15.9,06:52.0,FALSE,USA,United States,USA.5_1,California,USA.5.42_1,Santa Barbara